transaction_id,customer_id,payment,credit_card,cost,quantity,price
1,4,mastercard,5436588132981892,18.03,4,20.51
2,5,visa,4041373226284127,8.81,2,10.3
3,5,visa,4041599262714086,11.47,4,13.49
4,8,visa,4041379487299159,10.94,1,12.81
5,5,mastercard,5555252582641507,16.11,1,18.09
6,6,mastercard,5048374936258393,5.51,1,6.31
7,4,visa,4178551910888,11.59,1,13.16
8,5,mastercard,5134116480980343,12.31,1,14.26
9,7,visa,4.02E+15,19.61,0,22.24
10,5,visa,4017950642264,3.66,0,4.62
11,5,mastercard,5534080976338612,12.14,1,13.9
12,12,visa,4288068952193862,19.65,2,22.31
13,5,mastercard,5010127422598209,12.48,0,14.28
14,3,visa,4041379641194239,9.08,1,10.89
15,6,mastercard,5518841828288101,10.53,1,12.09
16,12,mastercard,5115686664631972,19.83,0,21.89
17,9,visa,4041594138211631,15.79,1,17.35
18,2,visa,4017959795583889,3.98,3,4.84
19,7,mastercard,5100148829677512,15.55,2,17.39
20,8,mastercard,5214602783697976,9.09,1,10.89
21,5,visa,4669913230971341,6.27,1,6.99
22,12,visa,4041595616040228,5.44,1,6.2
23,10,visa,4811100325196,16.56,2,18.15
24,6,mastercard,5513610994256068,17.7,2,19.91
25,12,visa,4419271813528084,1.71,1,2.32
26,1,mastercard,5010120502170346,18.38,0,20.23
27,3,visa,4017950130202392,17.45,0,19.48
28,7,visa,4017959751785874,19.41,1,21.43
29,2,mastercard,5518741558157759,19.91,2,21.77
30,8,visa,4017955128992102,7.18,3,8.1
31,3,mastercard,5010122598017324,6.78,1,7.65
32,9,visa,4041596532550795,3.33,0,4.49
33,8,mastercard,5100148865406164,6.3,0,7.1
34,7,visa,4041371976940658,1.47,0,2.29
35,1,visa,4041598456430269,9.95,1,11.25
36,5,mastercard,5.58E+15,16.47,1,18.79
37,12,visa,4017958300588136,6.92,0,8.45
38,4,visa,4418583690417,17.51,1,19.82
39,5,visa,4041595598244,9.05,0,10.4
40,1,visa,4247558639656984,8.48,1,9.31
41,8,visa,4041599849742,1.8,0,2.26
42,8,mastercard,5048377110666877,18.97,1,21.1
43,9,mastercard,5460879108517912,4.87,3,5.35
44,7,mastercard,5010127878466364,16.5,0,18.56
45,5,mastercard,5326195164616199,9.84,1,11.24
46,8,visa,4041379719909,11.08,0,12.44
47,10,visa,4041592514954,6.28,0,7.83
48,9,mastercard,5100140555099458,9.26,1,10.63
49,7,visa,4041596819417,10.23,0,11.28
50,11,visa,4041595913216364,3.72,0,4.31
51,7,visa,4017957523402521,16.95,1,18.85
52,7,visa,4017953131158,1.52,4,2.54
53,2,mastercard,5100139805833005,8.02,1,8.77
54,6,visa,4017955451117,14.82,1,16.69
55,8,visa,4017956159001227,16.97,2,19.2
56,3,visa,4041593570735172,13.41,0,14.83
57,7,mastercard,5007664722728875,11.55,4,13.01
58,10,mastercard,5010128285072886,14.41,1,16.39
59,1,visa,4041377691241,17.98,0,20.36
60,3,visa,4017951593358143,1.72,0,2.28
61,9,mastercard,5048376886678652,14.77,0,16.53
62,7,visa,4041591292024,15.9,0,17.77
63,12,visa,4041591887450,3.04,0,3.33
64,11,visa,4041375766698,2.79,1,3.62
65,10,visa,4041596307553,13.55,0,15.24
66,6,mastercard,5170973641736872,1.79,1,1.99
67,5,mastercard,5002358715818018,6.52,0,7.67
68,4,visa,4017951702911154,15.44,4,17.57
69,4,mastercard,5100176001445713,4.93,0,6.23
70,12,visa,4.04E+15,19.51,2,21.44
71,3,visa,4017950825005159,4.27,6,5.53
72,10,mastercard,5002350322806148,13.25,1,14.53
73,5,visa,4041373825594389,1.42,2,2.37
74,6,visa,4017957646615,7.56,1,9.19
75,5,visa,4041599938058785,7.7,2,8.73
76,5,mastercard,5100172122651537,18.85,2,21.41
77,6,mastercard,5100147611580215,6.24,0,7.47
78,9,visa,4408724965067,13.67,2,15.53
79,10,mastercard,5300186690811222,10.19,3,11.99
80,7,mastercard,5108759805045458,13.73,2,15.84
81,10,mastercard,5048370789179942,11.19,0,12.35
82,9,visa,4041379550163,10.96,1,12.25
83,12,mastercard,5466807617152073,13.2,1,15.04
84,1,mastercard,5010121447270779,13.05,2,14.76
85,3,visa,4041599184476376,2.17,1,3.17
86,8,mastercard,5115063112884852,7.44,1,9.07
87,3,visa,4041379380785,5.66,3,6.86
88,5,visa,4708770318650707,13.57,3,15.26
89,6,mastercard,5100171942602316,8.72,1,9.9
90,3,mastercard,5432122838267622,6,0,6.94
91,9,visa,4017954688078691,3.99,0,5.25
92,11,mastercard,5529056464269342,3.24,0,3.6
93,7,mastercard,5100136327558441,9.19,1,10.27
94,2,visa,4017958446353,2.12,0,2.38
95,12,mastercard,5108752964813071,15.82,1,18.16
96,10,mastercard,5048374397736523,6.58,1,7.74
97,2,mastercard,5252583322127969,15.29,0,17.04
98,3,visa,4041370600158448,19.9,0,21.76
99,8,visa,4017955528286,8.7,0,10.31
100,2,visa,4041379847027233,11.43,1,12.67
101,1,visa,4017955786772853,6.64,0,7.59
102,7,mastercard,5560245155777776,6.01,0,7.04
103,5,mastercard,5108752976657102,5.29,2,6.51
104,1,mastercard,5100132162064595,1.36,0,1.69
105,2,visa,4041599745258503,12.89,2,14.75
106,4,mastercard,5342136408597944,10.18,4,11.11
107,5,visa,4041595105623807,14.51,0,16.4
108,2,mastercard,5007660875924634,10.58,0,12.47
109,3,mastercard,5100175496033182,5.8,1,6.7
110,8,visa,4017952067148,10.4,2,11.77
111,7,mastercard,5010122440295664,14.11,0,16.14
112,4,mastercard,5100149353741278,8.4,1,9.91
113,3,mastercard,5007667836478352,4.64,2,5.63
114,12,visa,4017953167517,13.68,0,15.46
115,11,visa,4041375195197123,4.43,0,5.34
116,9,mastercard,5.01E+15,8.49,0,9.69
117,5,visa,4503073053546546,15.85,1,17.96
118,2,visa,4041371622303343,15.06,0,17.4
119,3,mastercard,5048377461617727,8.04,2,9.53
120,7,mastercard,5002356653950066,7.8,1,9.26
121,3,mastercard,5048378679216831,4.66,1,5.82
122,11,visa,4937347781077321,11.85,2,13.5
123,7,visa,4041376878039749,5.73,0,6.3
124,5,mastercard,5010125239983655,3.99,2,5.06
125,1,visa,4075821248058233,4.54,1,5.16
126,7,mastercard,5100172241765614,15.02,2,17.04
127,4,mastercard,5407684529589102,17.69,1,19.91
128,7,visa,4017955117940,8.1,1,9.27
129,5,mastercard,5100172746895684,3.37,1,4.48
130,5,visa,4.48E+15,8.67,1,9.85
131,6,mastercard,5538173472501365,18.09,1,20.09
132,3,visa,4017951540046,1.5,1,2.04
133,2,mastercard,5175657332192801,5.59,0,6.37
134,12,visa,4779937213200,13.02,0,15.12
135,10,mastercard,5536114027966531,17.08,0,19.09
136,10,mastercard,5048376822829401,16.25,1,18.04
137,10,mastercard,5381014376278684,3.02,1,3.86
138,9,visa,4017955468386089,7.38,2,8.78
139,9,visa,4041591575970893,4,0,4.97
140,9,visa,4041372260291956,18.66,0,21.16
141,9,mastercard,5010120631268391,5.08,0,6.46
142,11,mastercard,5108757722975278,10.8,2,11.95
143,2,visa,4017950906420,18.88,1,21.16
144,9,visa,4041377530852,8.54,1,9.79
145,3,mastercard,5299368776724304,11.17,2,12.29
146,4,visa,4826041013651,9.47,0,10.44
147,11,mastercard,5002358702107334,6.65,0,7.26
148,1,visa,4017955434055,4.1,3,4.77
149,1,mastercard,5100145367196921,12.46,1,13.69
150,10,visa,4041371778333,15.64,1,17.56
151,4,visa,4410083553393,11.01,1,12.96
152,4,visa,4231508712239818,2.36,0,2.7
153,9,visa,4041379555626,4.25,1,5.57
154,4,mastercard,5108751782871386,8.97,1,10.17
155,11,mastercard,5245863747653496,15.07,0,16.57
156,3,mastercard,5100140996016954,13.76,2,15.44
157,6,visa,4041373931047,8.82,1,10.29
158,2,visa,4878565140329,10.29,2,11.41
159,9,mastercard,5304337208513497,1.22,1,1.78
160,9,visa,4602575534039032,16.74,1,19.09
161,9,mastercard,5.00E+15,6.83,3,7.62
162,3,mastercard,5428196519849219,1.9,2,2.22
163,10,mastercard,5108750005301551,5.9,0,7.42
164,11,mastercard,5.10E+15,5.93,0,7.15
165,5,visa,4677697855679822,11.22,0,13.1
166,10,mastercard,5108754349793689,1.71,1,2.37
167,12,visa,4041592878234151,4.72,1,5.91
168,4,mastercard,5100170891871633,9.23,0,10.41
169,10,mastercard,5100137666640352,15.35,1,17.47
170,12,visa,4041377131719,2.98,3,3.39
171,8,visa,4.71E+15,15.63,1,17.77
172,4,visa,4529142119589939,6.45,1,7.42
173,5,visa,4041373359929092,8.59,2,10.1
174,6,visa,4041591161619557,4.46,1,5.54
175,11,visa,4041371122327479,11.15,0,13.02
176,5,visa,4037053181486216,9.58,4,11.27
177,9,mastercard,5.11E+15,4.13,0,4.54
178,3,visa,4011382612763,12.41,2,13.74
179,9,visa,4017957223747928,3.5,2,4.28
180,2,mastercard,5010120487682885,11.77,0,13.24
181,2,mastercard,5048379699062106,6.82,0,8.19
182,10,visa,4491447637254,10.03,0,11.79
183,7,mastercard,5100176942594553,19.94,1,22.23
184,6,visa,4041592895924,12.46,0,13.79
185,3,mastercard,5007666992934836,10.23,1,11.66
186,5,visa,4041599369766,6.75,0,7.49
187,11,visa,4041591555246181,6.05,1,6.68
188,7,mastercard,5100175289282905,14.26,1,16.25
189,12,visa,4041375590368907,13.89,0,15.66
190,6,mastercard,5100173813274902,2.84,1,3.44
191,2,visa,4017950418780,11.87,1,13.87
192,6,visa,4041375542529,18.7,0,21.06
193,4,mastercard,5007668126213848,1.76,1,2.06
194,2,mastercard,5108750003805066,15.66,1,17.45
195,12,mastercard,5318049908221248,17.14,1,18.84
196,1,visa,4041591773957,4.16,1,5.13
197,4,mastercard,5100148897123308,2.33,0,2.85
198,7,mastercard,5327425024035499,7.49,2,8.83
199,8,mastercard,5100171766499856,19.74,1,21.66
200,5,mastercard,5100139048320786,16.15,4,18.3
201,4,visa,4017956272932563,12.02,4,13.82
202,6,visa,4041591108942971,7.01,3,8.54
203,11,mastercard,5.26E+15,11.83,1,13.47
204,1,visa,4041598797616014,1.55,1,2.3
205,1,mastercard,5002350211221532,9.38,1,11.1
206,5,mastercard,5002359362318286,6.02,1,6.73
207,4,visa,4041376789129,3.14,1,4.36
208,5,visa,4041591335831,19.07,1,20.79
209,12,mastercard,5108384429043662,12.95,2,14.53
210,5,visa,4017958091482184,12.75,2,14.14
211,9,visa,4017952070076687,8.77,1,9.63
212,9,visa,4041590413340996,17.98,0,19.71
213,6,mastercard,5100173938253138,13.08,2,15.05
214,11,mastercard,5.10E+15,15.28,1,16.69
215,6,mastercard,5399159160906154,10.56,1,12.38
216,12,mastercard,5540306633945248,15.48,1,17.31
217,3,mastercard,5048375125448638,16.28,2,17.89
218,11,mastercard,5563294172100239,4.78,0,5.84
219,1,visa,4041590288626495,10.58,0,11.76
220,8,mastercard,5010122025768986,2.55,2,2.91
221,11,visa,4298257922691752,5.34,0,5.99
222,6,mastercard,5533218037325514,6.91,1,7.68
223,2,mastercard,5100177783812864,9.65,0,11.32
224,4,mastercard,5108752534576083,8.13,2,9.56
225,7,visa,4041372486811,17.11,1,19.27
226,6,visa,4041594696478952,15.42,2,17.71
227,7,mastercard,5100174672325256,6.91,1,7.87
228,10,mastercard,5565257448717316,1.98,0,2.19
229,12,mastercard,5371766768488419,8.62,2,10.02
230,8,mastercard,5007665865995676,4.73,3,5.3
231,3,visa,4815143522442404,12.5,0,14.25
232,4,mastercard,5.25E+15,10.75,1,11.92
233,5,mastercard,5123972887628478,10.93,1,11.92
234,3,visa,4331708849646,8.14,0,9.27
235,7,mastercard,5.36E+15,1.12,0,1.42
236,11,mastercard,5108750124577719,5.31,1,5.83
237,2,visa,4658488030827,8.4,1,9.87
238,10,visa,4041374058816,12.14,1,13.68
239,2,visa,4041597278969,18.71,2,20.86
240,6,mastercard,5048376382924709,2.28,0,3.21
241,11,visa,4041596709040729,13.17,1,15.15
242,1,visa,4306998769357,8.24,0,9.12
243,6,mastercard,5217782789845121,4.49,1,5.81
244,4,visa,4017953127124421,13.97,0,15.91
245,5,visa,4017950442120795,4.83,0,5.64
246,5,visa,4017955952049,3.93,2,4.56
247,11,mastercard,5343140161501274,4.8,1,5.38
248,10,visa,4017953319134824,17.53,0,19.67
249,12,mastercard,5007669229749258,14.48,1,15.94
250,6,visa,4.02E+15,4.53,1,5.84
251,12,visa,4041595924745807,17.42,2,19.17
252,8,visa,4041374491354033,15.09,3,17.07
253,6,visa,4017950460550,12.01,2,14.03
254,3,mastercard,5100135668957006,1.74,0,2.7
255,10,visa,4041371782830,3.88,1,4.32
256,9,mastercard,5048372335319139,8.9,0,9.94
257,4,mastercard,5167667672582057,6.95,0,8.55
258,6,visa,4041593893003092,6.06,0,6.82
259,6,mastercard,5108758737955628,10.16,2,11.57
260,3,mastercard,5100143460185354,5.78,0,6.95
261,7,visa,4017957668171,8.71,2,10.29
262,4,visa,4305945850008277,16.97,2,18.59
263,2,visa,4041596418239364,3.45,3,4.52
264,2,mastercard,5.11E+15,11.25,1,12.44
265,6,visa,4.02E+15,13.89,2,15.26
266,6,mastercard,5100132621725638,9.74,2,10.67
267,4,mastercard,5100141898622816,4.09,1,4.91
268,11,visa,4017954131934,16.21,1,18.24
269,12,mastercard,5002351616481259,14.17,2,16.34
270,1,mastercard,5010129296954377,7.78,1,8.85
271,7,mastercard,5.01E+15,4.78,1,5.42
272,3,visa,4017957944386907,1.7,2,2.55
273,3,mastercard,5108753907150092,18.19,0,20.81
274,6,visa,4041597915962433,15.38,0,16.77
275,7,mastercard,5100148899723576,4.97,0,5.51
276,3,visa,4235138285745,13.26,1,14.8
277,3,visa,4041590372179799,10.7,1,12.08
278,2,mastercard,5161500279254448,9.81,1,11.47
279,8,visa,4041374941813,14.17,0,16.05
280,7,visa,4017957162027126,16.37,1,18.14
281,7,visa,4017958555836313,12.58,5,13.83
282,3,visa,4017958437499421,6.43,0,7.14
283,3,visa,4041596235162617,2.12,1,3.04
284,1,mastercard,5548486835486282,3.85,1,4.99
285,4,visa,4063907982600589,11.19,2,12.77
286,6,visa,4385140827016,5.16,0,6.37
287,12,visa,4971475414364803,15.11,2,17.03
288,10,mastercard,5002354667816878,2.95,0,3.48
289,10,visa,4017952703474291,16.86,1,18.88
290,7,mastercard,5010120857881497,16.05,3,18.22
291,5,visa,4041371073688887,1.51,0,2.59
292,4,visa,4.28E+15,10.04,0,11.53
293,9,mastercard,5002352797169382,18.02,0,19.81
294,10,mastercard,5007665961865203,14.08,1,15.85
295,7,mastercard,5108751135734976,5.27,0,6.48
296,4,visa,4041379593063465,12.97,2,14.91
297,8,visa,4091614068216,13.52,0,15.64
298,8,mastercard,5002359879627724,12.99,1,14.98
299,3,mastercard,5100146453632191,10.06,0,11.59
300,5,mastercard,5002355741089986,16.81,2,18.74
301,12,mastercard,5007668244607285,18.68,2,20.85
302,5,mastercard,5599806545125441,9.12,0,10.46
303,9,mastercard,5010124190031638,15.38,2,16.82
304,7,visa,4702312138973211,10.29,1,11.43
305,3,mastercard,5405828883627881,6.28,1,7.04
306,10,mastercard,5201006089885282,10.45,2,12.34
307,12,mastercard,5100136930495866,16.38,1,17.98
308,5,mastercard,5100143225369038,9.56,0,11.05
309,10,visa,4017959570353425,17.49,0,19.66
310,4,mastercard,5048377650667293,15.13,1,17.22
311,12,mastercard,5581012259814318,10.11,0,11.53
312,12,mastercard,5100146174885474,4.96,1,5.76
313,5,visa,4169875604596787,11.8,1,13.6
314,12,mastercard,5048375137434469,18.78,1,21.22
315,7,mastercard,5007662001487569,17.82,2,19.51
316,11,mastercard,5002351645068788,12.35,1,14.01
317,6,visa,4512154471875169,12.67,2,13.91
318,9,visa,4041374997636743,13.35,0,15.5
319,3,visa,4.34E+15,12.79,2,14.25
320,8,mastercard,5048379695061433,8.09,1,9.44
321,4,mastercard,5405185362538398,6.38,0,7.12
322,10,visa,4556093848856972,11.21,1,12.48
323,5,visa,4041371948541436,12.52,2,14.03
324,12,mastercard,5100142349532794,16.5,0,18.34
325,7,mastercard,5010129531846776,3.19,0,3.54
326,10,visa,4041370958005209,14.27,0,16.39
327,11,mastercard,5100142286408578,14.05,0,16.23
328,1,visa,4041372928820,5.65,1,6.7
329,4,mastercard,5002358021810568,14.99,1,16.37
330,5,visa,4041599714763,2.06,0,3.23
331,8,visa,4017954345401,16.75,2,18.52
332,7,visa,4017958059589053,9.9,0,11.16
333,8,mastercard,5010127478667502,13.56,0,15.26
334,1,mastercard,5143996891207801,13.1,0,14.46
335,5,mastercard,5220651022114733,9.43,0,10.58
336,5,mastercard,5007664867280849,2.25,1,2.53
337,7,visa,4041590882411,7.03,3,8.05
338,3,mastercard,5007667212008401,16.47,1,18.14
339,8,mastercard,5100138939590515,3.78,0,4.82
340,2,visa,4041370215469,5.66,0,7.03
341,10,visa,4017954221548523,4.87,1,5.89
342,2,visa,4041599435328,4.36,0,5.32
343,11,mastercard,5007669077980542,14.13,1,15.64
344,4,visa,4580965355297,4.33,1,5.33
345,12,visa,4041595670918228,3.99,1,4.47
346,3,visa,4041598011272297,16.73,0,19.17
347,10,visa,4041371011156,14.66,2,16.39
348,2,mastercard,5437913389372588,7.9,3,9.56
349,12,mastercard,5007664648248446,14.28,2,16.43
350,3,visa,4469576673407,14.36,4,16.2
351,4,visa,4017957402993,13.19,1,15.06
352,11,visa,4041591488218,11.84,1,13.52
353,5,visa,4008935956804,6.9,1,8.07
354,10,visa,4017952573165342,7.1,1,8.52
355,2,mastercard,5010128775230275,10.16,2,11.25
356,4,visa,4041377559950,18.01,0,19.73
357,5,visa,4041373841487022,4.68,3,5.74
358,2,visa,4017959797572,7.22,0,8.74
359,11,mastercard,5108753206549879,7.04,0,8.2
360,10,visa,4041590920971762,8.59,1,9.66
361,11,mastercard,5108751124917632,1.74,0,2.71
362,9,mastercard,5511885135806326,13.39,1,14.85
363,8,mastercard,5332678609976148,1.21,5,1.62
364,10,mastercard,5417828356517011,16.99,2,18.83
365,12,visa,4017952386506,9.31,2,10.58
366,3,visa,4975542458296914,6.56,1,7.66
367,4,mastercard,5100146030334501,2.15,2,2.49
368,7,visa,4041598681392748,4.85,2,6.04
369,1,visa,4041375293048822,2.23,0,3.27
370,2,visa,4041599515343444,19.19,1,21.35
371,9,mastercard,5293368226433304,5.82,1,6.87
372,11,visa,4041374482339,11.32,1,12.38
373,10,mastercard,5348119917708586,19.07,1,21.37
374,8,mastercard,5002356110459685,1.71,1,2.34
375,1,visa,4017952061752,6.82,0,8.01
376,7,visa,4396175860566,2.4,2,3.2
377,2,visa,4017953355989,1.77,1,1.99
378,2,mastercard,5007666219831781,11.1,2,12.32
379,10,mastercard,5010121437751887,1.38,0,2.03
380,9,visa,4770296460090636,4.99,1,5.79
381,6,mastercard,5010123800179126,13.31,0,15.4
382,7,visa,4017955220416299,7.79,1,9.1
383,3,visa,4041375566031,5.31,0,6.22
384,9,mastercard,5100148490865578,18.62,1,21.04
385,6,visa,4964062955805,10.44,0,11.5
386,12,mastercard,5100148209162077,14.74,0,16.44
387,3,visa,4017953143112,8.37,1,10.05
388,5,mastercard,5291227640932337,3.77,0,5.03
389,10,mastercard,5048370875663205,7.32,1,8.05
390,2,visa,4.04E+15,8.31,0,9.95
391,8,mastercard,5108754950036998,10.86,1,12.43
392,12,visa,4041599210507,15.83,0,17.45
393,6,mastercard,5007665234237149,8.05,1,9.02
394,1,visa,4041597973844333,14.13,1,15.41
395,10,visa,4041375936936078,17.25,1,19.24
396,9,mastercard,5100146255343971,1.04,1,2.07
397,4,visa,4017958928327,7.42,0,8.52
398,4,mastercard,5002350233566922,13.45,0,14.69
399,10,mastercard,5246538827278534,15.33,1,17.18
400,10,visa,4017950050692432,15.39,2,17.57
401,2,mastercard,5.10E+15,2.51,0,2.78
402,7,mastercard,5346889036021572,8.26,1,9.44
403,7,visa,4519845000533,2.23,1,2.98
404,8,visa,4887334972276,17.62,1,20.08
405,5,mastercard,5292102077368363,17.02,2,18.61
406,5,mastercard,5133280226371901,8.84,0,9.81
407,5,visa,4.04E+15,7.91,1,8.97
408,9,mastercard,5100170899212855,14.15,0,15.59
409,5,visa,4017958073945224,5.62,0,6.91
410,2,mastercard,5002352432189894,5.76,0,6.75
411,2,visa,4116243812864,10.93,0,12.83
412,12,mastercard,5301182308961482,5.08,1,6.34
413,12,mastercard,5.01E+15,4.15,0,4.91
414,3,visa,4435566173351,1.37,0,1.74
415,4,visa,4017957051915,6.29,0,6.94
416,2,visa,4041376517439,17.1,2,19.37
417,10,mastercard,5048374064491683,8.54,0,9.94
418,2,visa,4041373534787548,12.73,1,14.33
419,9,mastercard,5010125251129328,16.49,2,18.27
420,2,mastercard,5418660829810957,16.18,2,18.32
421,2,mastercard,5555226604624485,7.14,1,8.66
422,9,mastercard,5.10E+15,9.32,0,10.23
423,8,visa,4041370997819,9.65,0,10.68
424,12,mastercard,5100147168177555,12.36,0,13.58
425,6,visa,4041373202659961,1.15,1,1.51
426,4,mastercard,5100141315164723,11.52,1,13.41
427,6,mastercard,5002358694723866,13.47,1,15.43
428,9,visa,4041374466076,19.67,0,22.19
429,11,mastercard,5048375331436898,3.23,2,3.8
430,2,mastercard,5100144326251067,5.09,0,5.83
431,10,visa,4041599785557,17.15,1,19.56
432,3,mastercard,5007666841633373,3.39,0,4.14
433,9,visa,4017950652776,17.7,2,20.03
434,4,mastercard,5100136301614319,11.1,3,13.01
435,4,mastercard,5.01E+15,6.99,0,8.
436,10,visa,4017957380854152,9.12,1,9.99
437,8,visa,4041378504955,3.21,2,4.26
438,2,visa,4041373651549481,2.21,2,3.34
439,7,mastercard,5488100187779705,9.42,1,10.48
440,5,visa,4777722838597054,18,0,20.2
441,2,visa,4041377181516,9.19,1,10.85
442,11,visa,4080316073129,16.19,1,18.63
443,6,mastercard,5100149393488286,9.02,1,10.78
444,11,visa,4041377711100664,14.07,0,15.93
445,12,visa,4017954598132,15.2,0,17.18
446,3,mastercard,5207028616624566,4.74,2,6.12
447,11,visa,4.15E+15,1.57,1,2.33
448,4,visa,4041596220764,14.64,0,16.8
449,6,visa,4247926403307,18.13,2,20.69
450,3,visa,4890042376004,10.29,0,11.51
451,2,mastercard,5100134890901247,9.87,1,10.77
452,3,mastercard,5.05E+15,12.13,1,14.07
453,5,visa,4041595683632,16.84,0,18.93
454,5,mastercard,5.01E+15,16.76,3,18.33
455,11,visa,4526426656161,3.99,1,5.12
456,7,mastercard,5010128599709454,19.21,0,21.09
457,9,mastercard,5.01E+15,8.9,1,9.98
458,5,mastercard,5100175710092279,2.49,1,3.12
459,10,visa,4017959519424451,16.94,0,19.
460,5,mastercard,5002353901398594,13.34,1,14.89
461,10,visa,4041371186684997,2.77,2,3.98
462,9,visa,4982838292592,18.36,0,20.83
463,10,visa,4017957460462,14.95,0,17.22
464,11,visa,4017956794945,12.46,1,14.18
465,1,visa,4041372642207,13.93,0,15.51
466,7,mastercard,5100145133956244,9.04,1,10.48
467,7,mastercard,5592861303801102,9.1,0,10.88
468,9,mastercard,5165013296938528,6.78,1,8.26
469,7,visa,4041376177127,18.59,0,21.22
470,8,visa,4041375490308946,19.88,4,22.45
471,8,mastercard,5048375390079415,8.45,0,9.95
472,5,mastercard,5.10E+15,14.52,2,16.4
473,3,visa,4329274930804981,15.39,0,17.
474,6,visa,4017951164250,17.66,0,20.22
475,11,mastercard,5100132328236483,9.84,0,11.1
476,8,visa,4041378907695,12.31,0,13.64
477,10,visa,4884232210663979,16.5,0,18.9
478,1,visa,4017956376131,12.74,1,14.
479,4,visa,4041376030797,1.34,0,1.8
480,11,visa,4041376552570027,13.5,0,15.08
481,7,visa,4041371215567,10.9,1,12.74
482,4,mastercard,5108755986324563,13.55,3,15.49
483,2,visa,4017957321441747,15.13,2,16.7
484,4,visa,4017957032476743,7.01,3,8.35
485,5,visa,4041591399472,7.07,0,8.28
486,1,mastercard,5002355320183127,5.66,1,7.1
487,3,visa,4.06E+15,17.07,0,18.73
488,12,visa,4528383473804,19.68,1,22.04
489,12,mastercard,5539191757675224,7.12,2,7.78
490,7,mastercard,5.30E+15,4.36,1,5.13
491,1,visa,4602956011354039,9.43,1,10.72
492,5,mastercard,5100149164873849,19.99,1,22.67
493,2,visa,4322392103127555,6.2,2,7.05
494,5,mastercard,5329334844623146,15.37,1,17.11
495,1,mastercard,5010122776527938,17.82,1,20.13
496,10,mastercard,5002351082156955,11.61,2,13.54
497,12,visa,4041599766474,3.83,2,4.61
498,6,visa,4388450137885,1.49,1,2.33
499,7,mastercard,5259886411218802,13.61,2,15.32
500,1,visa,4017958311508,17.44,2,20.01
501,8,visa,4041379616493,7.62,1,9.25
502,11,mastercard,5566154181094244,17.75,0,19.45
503,5,visa,4017959667650,2.87,2,3.91
504,10,mastercard,5.00E+15,15.98,3,18.34
505,7,mastercard,5449214723959552,6.16,0,7.58
506,6,visa,4041594159634,1.76,2,2.12
507,5,mastercard,5010120761041774,15.48,3,16.97
508,11,mastercard,5.00E+15,17.26,2,19.25
509,9,mastercard,5394929297361951,5.25,0,5.81
510,9,mastercard,5.15E+15,11.9,1,13.89
511,8,mastercard,5293225628564849,16.26,0,17.75
512,10,mastercard,5002356714374462,13.45,1,15.09
513,3,mastercard,5140445714302178,6.59,0,7.72
514,4,mastercard,5259882128481965,11.58,4,12.73
515,7,mastercard,5002354103492193,8.41,3,10.11
516,12,visa,4803320460281515,14.92,1,17.08
517,12,mastercard,5007664572305618,1.39,0,1.79
518,8,mastercard,5100143571720883,18.56,0,20.52
519,2,mastercard,5002354973444399,6.72,2,7.43
520,7,mastercard,5280374744255455,17.41,0,19.86
521,7,mastercard,5010124757761437,16.77,1,18.78
522,8,mastercard,5595317440855581,5.27,0,6.57
523,8,mastercard,5108753629760285,2.61,2,3.68
524,11,visa,4532730632690,15.49,1,17.67
525,5,visa,4041376353758508,17.45,1,19.91
526,9,visa,4041590738902,13.09,0,14.55
527,10,mastercard,5048370601771736,9.63,0,11.04
528,11,mastercard,5108756050491064,17.7,1,19.46
529,1,visa,4017955510095787,3.06,1,4.1
530,3,visa,4041378042626062,6.48,1,7.37
531,3,mastercard,5100144714074964,16.55,0,18.64
532,4,visa,4041372151688,18.38,3,20.57
533,12,visa,4041599619152,7.78,1,9.33
534,6,mastercard,5496450676751198,7.68,1,8.7
535,1,mastercard,5145650909656735,11.86,0,12.96
536,12,visa,4041378824700,14.32,1,15.73
537,5,mastercard,5.00E+15,16.85,1,18.58
538,8,visa,4.04E+15,6.93,0,8.45
539,3,mastercard,5100985981322159,11.91,0,13.08
540,5,mastercard,5139692120801037,1.65,2,2.44
541,11,visa,4017955746695913,5.57,1,6.96
542,7,visa,4017959178518,11.49,2,12.88
543,2,mastercard,5007664631920456,15.07,1,16.75
544,5,mastercard,5108754948144433,3.48,3,4.78
545,10,mastercard,5007664511128733,17.73,0,20.11
546,2,mastercard,5160450088488152,19.67,2,22.03
547,2,mastercard,5.11E+15,16.52,1,18.04
548,11,mastercard,5048379512962953,1.66,2,2.5
549,6,visa,4041378261245396,12.43,1,14.03
550,12,visa,4041590903753,2.39,0,3.27
551,5,mastercard,5108755215278424,17.51,0,20.01
552,8,visa,4017950036343,4.08,0,4.5
553,2,mastercard,5261840596929093,7.99,1,9.06
554,1,mastercard,5492156591516681,9.66,1,11.22
555,11,visa,4041591673611,10.85,1,12.25
556,10,visa,4041590657953,5.08,2,6.38
557,6,mastercard,5100136339168379,12.2,0,13.67
558,1,mastercard,5108751905836449,12.63,1,14.07
559,4,mastercard,5002354479353433,11.59,0,12.7
560,2,visa,4025706439638003,9.55,2,10.51
561,4,mastercard,5244777882538158,13.3,0,14.7
562,4,mastercard,5100135618246559,10.25,1,11.62
563,6,mastercard,5108755480974715,9.51,1,11.17
564,5,mastercard,5010121446704653,14.24,0,15.89
565,11,mastercard,5205057641702727,17.87,3,20.02
566,11,visa,4611708600275,4.81,0,6.22
567,10,mastercard,5100131393800777,4.74,1,6.01
568,4,visa,4359307442894059,10.05,0,11.32
569,9,visa,4017958910127,14.54,0,16.03
570,5,visa,4249529767598817,4.93,0,6.33
571,2,mastercard,5002350832772798,6.62,0,7.95
572,7,mastercard,5374922556587345,1.84,3,2.52
573,3,mastercard,5010121802909235,9.72,1,11.49
574,6,visa,4017956992911,10.24,1,11.75
575,9,mastercard,5002355492734335,10.59,0,11.95
576,4,mastercard,5002355345924406,17.76,5,19.5
577,11,mastercard,5371654546230214,1.07,0,2.05
578,5,mastercard,5100143485467951,2.42,1,3.21
579,11,mastercard,5493075614981301,15.95,3,17.47
580,12,visa,4041597213487554,5.03,0,6.16
581,6,visa,4017955532221,4.08,1,5.43
582,11,visa,4437980904031,14.79,2,16.25
583,7,visa,4017957344898,19.68,0,22.06
584,11,mastercard,5048377505577689,6.43,1,7.27
585,4,mastercard,5048377414454301,13.4,1,14.92
586,2,mastercard,5007668815533712,15.12,0,17.14
587,3,visa,4041596553314311,9.75,1,10.69
588,11,visa,4041374327215945,13.51,0,15.1
589,10,visa,4003481668416,14.47,2,16.56
590,4,mastercard,5048374764202653,14.71,0,16.48
591,9,mastercard,5010125027806449,11.88,1,13.41
592,1,visa,4041370421864265,3.25,1,3.64
593,2,visa,4302419344338206,14.32,1,15.77
594,7,visa,4041591805090637,9.63,1,10.59
595,6,mastercard,5002357473449446,2.21,2,2.54
596,5,visa,4.02E+15,8.93,1,10.38
597,12,visa,4041590585660247,4.26,0,5.62
598,1,visa,4041597833607,12.2,0,14.23
599,1,visa,4017953190345,12.15,1,13.59
600,7,visa,4017953292106393,9.07,1,10.64
601,7,mastercard,5108752745723151,10.45,0,11.72
602,12,visa,4041599191084841,1.52,1,1.97
603,10,visa,4744622906406685,4.17,3,4.75
604,3,mastercard,5516672154564027,19.17,0,21.8
605,6,visa,4663889970944,12.21,1,13.84
606,4,visa,4041375845662021,8.49,2,9.79
607,9,mastercard,5010126232665562,15.98,2,18.28
608,11,mastercard,5130737026597095,14.61,0,16.57
609,2,mastercard,5100139434104018,18.99,2,21.22
610,10,visa,4125370939309,8.04,2,9.23
611,10,mastercard,5175219203329994,14.2,0,16.29
612,10,mastercard,5010122986036696,1.81,0,2.19
613,5,visa,4755867433664472,12.63,1,14.28
614,12,mastercard,5577669755845223,14.9,1,16.49
615,2,visa,4017952542421,15.02,2,17.1
616,6,visa,4041591640602,19.97,0,22.43
617,11,visa,4041375591773,1.36,1,1.57
618,8,mastercard,5010129543249928,5.85,1,6.49
619,7,visa,4017953040789441,3.02,2,4.25
620,4,visa,4041590101001694,8.31,1,9.81
621,2,mastercard,5108755537393083,7.23,1,8.18
622,7,visa,4017957199490,16.06,1,17.69
623,12,visa,4017957494149,18.52,1,20.19
624,4,mastercard,5002350105839415,17.08,1,19.06
625,2,visa,4041379782237276,17.69,0,19.46
626,8,mastercard,5311545158729951,3.17,0,4.03
627,4,mastercard,5100145261384912,15.74,1,17.25
628,9,visa,4017951487598143,2.15,1,3.03
629,3,mastercard,5100176162736165,17.19,1,19.39
630,6,visa,4041593270536367,5.74,1,7.19
631,6,mastercard,5250521121573779,17.41,0,19.73
632,6,visa,4017955342290,6.3,0,7.61
633,8,mastercard,5238144909784505,19.2,1,21.15
634,10,mastercard,5048378264127641,18.07,1,20.34
635,4,mastercard,5211835941372537,2.39,1,2.89
636,3,mastercard,5100140996761161,10.59,0,12.44
637,9,mastercard,5245465645072983,15.94,2,17.8
638,2,mastercard,5100176181664711,2.54,3,3.41
639,1,visa,4041595002981,13.05,1,15.06
640,11,visa,4041597818553925,17.78,2,20.07
641,10,mastercard,5007662223448837,7.51,5,8.24
642,4,visa,4041598590288839,8.25,0,9.6
643,9,visa,4041595952300,13.47,1,15.24
644,7,mastercard,5.50E+15,12.3,0,13.64
645,9,mastercard,5344652931326393,10.36,3,12.07
646,3,visa,4520782411035484,2.94,0,3.33
647,8,mastercard,5100142654599172,7.18,0,8.11
648,12,mastercard,5007667056464769,19.57,1,21.79
649,2,visa,4.02E+15,5.41,2,6.19
650,3,visa,4017956373858444,11.05,0,12.54
651,3,visa,4041370822773438,13.01,1,15.16
652,2,mastercard,5002353511266744,10.17,2,11.22
653,8,visa,4521868651465017,19.1,1,20.95
654,2,mastercard,5100174532765303,11.42,1,13.42
655,3,mastercard,5134852154047049,2.34,0,3.35
656,7,mastercard,5002359855034408,9.05,0,10.59
657,7,visa,4041378963876639,19.4,1,21.91
658,10,mastercard,5100170614461837,13.67,1,15.
659,2,visa,4041372316984,7.07,2,8.55
660,1,mastercard,5007668947718611,4.59,1,5.96
661,,,,,,
662,,,,,,
663,,,,,,
664,,,,,,
665,,,,,,
666,,,,,,
667,,,,,,
668,,,,,,
669,,,,,,
670,,,,,,
671,,,,,,
672,,,,,,
673,,,,,,
674,,,,,,
675,,,,,,
676,,,,,,
677,,,,,,
678,,,,,,
679,,,,,,
680,,,,,,
681,,,,,,
682,,,,,,
683,,,,,,
684,,,,,,
685,,,,,,
686,,,,,,
687,,,,,,
688,,,,,,
689,,,,,,
690,,,,,,
691,,,,,,
692,,,,,,
693,,,,,,
694,,,,,,
695,,,,,,
696,,,,,,
697,,,,,,
698,,,,,,
699,,,,,,
700,,,,,,
701,,,,,,
702,,,,,,
703,,,,,,
704,,,,,,
705,,,,,,
706,,,,,,
707,,,,,,
708,,,,,,
709,,,,,,
710,,,,,,
711,,,,,,
712,,,,,,
713,,,,,,
714,,,,,,
715,,,,,,
716,,,,,,
717,,,,,,
718,,,,,,
719,,,,,,
720,,,,,,
721,,,,,,
722,,,,,,
723,,,,,,
724,,,,,,
725,,,,,,
726,,,,,,
727,,,,,,
728,,,,,,
729,,,,,,
730,,,,,,
731,,,,,,
732,,,,,,
733,,,,,,
734,,,,,,
735,,,,,,
736,,,,,,
737,,,,,,
738,,,,,,
739,,,,,,
740,,,,,,
741,,,,,,
742,,,,,,
743,,,,,,
744,,,,,,
745,,,,,,
746,,,,,,
747,,,,,,
748,,,,,,
749,,,,,,
750,,,,,,
751,,,,,,
752,,,,,,
753,,,,,,
754,,,,,,
755,,,,,,
756,,,,,,
757,,,,,,
758,,,,,,
759,,,,,,
760,,,,,,
761,,,,,,
762,,,,,,
763,,,,,,
764,,,,,,
765,,,,,,
766,,,,,,
767,,,,,,
768,,,,,,
769,,,,,,
770,,,,,,
771,,,,,,
772,,,,,,
773,,,,,,
774,,,,,,
775,,,,,,
776,,,,,,
777,,,,,,
778,,,,,,
779,,,,,,
780,,,,,,
781,,,,,,
782,,,,,,
783,,,,,,
784,,,,,,
785,,,,,,
786,,,,,,
787,,,,,,
788,,,,,,
789,,,,,,
790,,,,,,
791,,,,,,
792,,,,,,
793,,,,,,
794,,,,,,
795,,,,,,
796,,,,,,
797,,,,,,
798,,,,,,
799,,,,,,
800,,,,,,
801,,,,,,
802,,,,,,
803,,,,,,
804,,,,,,
805,,,,,,
806,,,,,,
807,,,,,,
808,,,,,,
809,,,,,,
810,,,,,,
811,,,,,,
812,,,,,,
813,,,,,,
814,,,,,,
815,,,,,,
816,,,,,,
817,,,,,,
818,,,,,,
819,,,,,,
820,,,,,,
821,,,,,,
822,,,,,,
823,,,,,,
824,,,,,,
825,,,,,,
826,,,,,,
827,,,,,,
828,,,,,,
829,,,,,,
830,,,,,,
831,,,,,,
832,,,,,,
833,,,,,,
834,,,,,,
835,,,,,,
836,,,,,,
837,,,,,,
838,,,,,,
839,,,,,,
840,,,,,,
841,,,,,,
842,,,,,,
843,,,,,,
844,,,,,,
845,,,,,,
846,,,,,,
847,,,,,,
848,,,,,,
849,,,,,,
850,,,,,,
851,,,,,,
852,,,,,,
853,,,,,,
854,,,,,,
855,,,,,,
856,,,,,,
857,,,,,,
858,,,,,,
859,,,,,,
860,,,,,,
861,,,,,,
862,,,,,,
863,,,,,,
864,,,,,,
865,,,,,,
866,,,,,,
867,,,,,,
868,,,,,,
869,,,,,,
870,,,,,,
871,,,,,,
872,,,,,,
873,,,,,,
874,,,,,,
875,,,,,,
876,,,,,,
877,,,,,,
878,,,,,,
879,,,,,,
880,,,,,,
881,,,,,,
882,,,,,,
883,,,,,,
884,,,,,,
885,,,,,,
886,,,,,,
887,,,,,,
888,,,,,,
889,,,,,,
890,,,,,,
891,,,,,,
892,,,,,,
893,,,,,,
894,,,,,,
895,,,,,,
896,,,,,,
897,,,,,,
898,,,,,,
899,,,,,,
900,,,,,,
901,,,,,,
902,,,,,,
903,,,,,,
904,,,,,,
905,,,,,,
906,,,,,,
907,,,,,,
908,,,,,,
909,,,,,,
910,,,,,,
911,,,,,,
912,,,,,,
913,,,,,,
914,,,,,,
915,,,,,,
916,,,,,,
917,,,,,,
918,,,,,,
919,,,,,,
920,,,,,,
921,,,,,,
922,,,,,,
923,,,,,,
924,,,,,,
925,,,,,,
926,,,,,,
927,,,,,,
928,,,,,,
929,,,,,,
930,,,,,,
931,,,,,,
932,,,,,,
933,,,,,,
934,,,,,,
935,,,,,,
936,,,,,,
937,,,,,,
938,,,,,,
939,,,,,,
940,,,,,,
941,,,,,,
942,,,,,,
943,,,,,,
944,,,,,,
945,,,,,,
946,,,,,,
947,,,,,,
948,,,,,,
949,,,,,,
950,,,,,,
951,,,,,,
952,,,,,,
953,,,,,,
954,,,,,,
955,,,,,,
956,,,,,,
957,,,,,,
958,,,,,,
959,,,,,,
960,,,,,,
961,,,,,,
962,,,,,,
963,,,,,,
964,,,,,,
965,,,,,,
966,,,,,,
967,,,,,,
968,,,,,,
969,,,,,,
970,,,,,,
971,,,,,,
972,,,,,,
973,,,,,,
974,,,,,,
975,,,,,,
976,,,,,,
977,,,,,,
978,,,,,,
979,,,,,,
980,,,,,,
981,,,,,,
982,,,,,,
983,,,,,,
984,,,,,,
985,,,,,,
986,,,,,,
987,,,,,,
988,,,,,,
989,,,,,,
990,,,,,,
991,,,,,,
992,,,,,,
993,,,,,,
994,,,,,,
995,,,,,,
996,,,,,,
997,,,,,,
998,,,,,,
999,,,,,,
1000,,,,,,
1001,,,,,,
1002,,,,,,
1003,,,,,,
1004,,,,,,
1005,,,,,,
1006,,,,,,
1007,,,,,,
1008,,,,,,
1009,,,,,,
1010,,,,,,
1011,,,,,,
1012,,,,,,
1013,,,,,,
1014,,,,,,
1015,,,,,,
1016,,,,,,
1017,,,,,,
1018,,,,,,
1019,,,,,,
1020,,,,,,
1021,,,,,,
1022,,,,,,
1023,,,,,,
1024,,,,,,
1025,,,,,,
1026,,,,,,
1027,,,,,,
1028,,,,,,
1029,,,,,,
1030,,,,,,
1031,,,,,,
1032,,,,,,
1033,,,,,,
1034,,,,,,
1035,,,,,,
1036,,,,,,
1037,,,,,,
1038,,,,,,
1039,,,,,,
1040,,,,,,
1041,,,,,,
1042,,,,,,
1043,,,,,,
1044,,,,,,
1045,,,,,,
1046,,,,,,
1047,,,,,,
1048,,,,,,
1049,,,,,,
1050,,,,,,
1051,,,,,,
1052,,,,,,
1053,,,,,,
1054,,,,,,
1055,,,,,,
1056,,,,,,
1057,,,,,,
1058,,,,,,
1059,,,,,,
1060,,,,,,
1061,,,,,,
1062,,,,,,
1063,,,,,,
1064,,,,,,
1065,,,,,,
1066,,,,,,
1067,,,,,,
1068,,,,,,
1069,,,,,,
1070,,,,,,
1071,,,,,,
1072,,,,,,
1073,,,,,,
1074,,,,,,
1075,,,,,,
1076,,,,,,
1077,,,,,,
1078,,,,,,
1079,,,,,,
1080,,,,,,
1081,,,,,,
1082,,,,,,
1083,,,,,,
1084,,,,,,
1085,,,,,,
1086,,,,,,
1087,,,,,,
1088,,,,,,
1089,,,,,,
1090,,,,,,
1091,,,,,,
1092,,,,,,
1093,,,,,,
1094,,,,,,
1095,,,,,,
1096,,,,,,
1097,,,,,,
1098,,,,,,
1099,,,,,,
1100,,,,,,
1101,,,,,,
1102,,,,,,
1103,,,,,,
1104,,,,,,
1105,,,,,,
1106,,,,,,
1107,,,,,,
1108,,,,,,
1109,,,,,,
1110,,,,,,
1111,,,,,,
1112,,,,,,
1113,,,,,,
1114,,,,,,
1115,,,,,,
1116,,,,,,
1117,,,,,,
1118,,,,,,
1119,,,,,,
1120,,,,,,
1121,,,,,,
1122,,,,,,
1123,,,,,,
1124,,,,,,
1125,,,,,,
1126,,,,,,
1127,,,,,,
1128,,,,,,
1129,,,,,,
1130,,,,,,
1131,,,,,,
1132,,,,,,
1133,,,,,,
1134,,,,,,
1135,,,,,,
1136,,,,,,
1137,,,,,,
1138,,,,,,
1139,,,,,,
1140,,,,,,
1141,,,,,,
1142,,,,,,
1143,,,,,,
1144,,,,,,
1145,,,,,,
1146,,,,,,
1147,,,,,,
1148,,,,,,
1149,,,,,,
1150,,,,,,
1151,,,,,,
1152,,,,,,
1153,,,,,,
1154,,,,,,
1155,,,,,,
1156,,,,,,
1157,,,,,,
1158,,,,,,
1159,,,,,,
1160,,,,,,
1161,,,,,,
1162,,,,,,
1163,,,,,,
1164,,,,,,
1165,,,,,,
1166,,,,,,
1167,,,,,,
1168,,,,,,
1169,,,,,,
1170,,,,,,
1171,,,,,,
1172,,,,,,
1173,,,,,,
1174,,,,,,
1175,,,,,,
1176,,,,,,
1177,,,,,,
1178,,,,,,
1179,,,,,,
1180,,,,,,
1181,,,,,,
1182,,,,,,
1183,,,,,,
1184,,,,,,
1185,,,,,,
1186,,,,,,
1187,,,,,,
1188,,,,,,
1189,,,,,,
1190,,,,,,
1191,,,,,,
1192,,,,,,
1193,,,,,,
1194,,,,,,
1195,,,,,,
1196,,,,,,
1197,,,,,,
1198,,,,,,
1199,,,,,,
1200,,,,,,
1201,,,,,,
1202,,,,,,
1203,,,,,,
1204,,,,,,
1205,,,,,,
1206,,,,,,
1207,,,,,,
1208,,,,,,
1209,,,,,,
1210,,,,,,
1211,,,,,,
1212,,,,,,
1213,,,,,,
1214,,,,,,
1215,,,,,,
1216,,,,,,
1217,,,,,,
1218,,,,,,
1219,,,,,,
1220,,,,,,
1221,,,,,,
1222,,,,,,
1223,,,,,,
1224,,,,,,
1225,,,,,,
1226,,,,,,
1227,,,,,,
1228,,,,,,
1229,,,,,,
1230,,,,,,
1231,,,,,,
1232,,,,,,
1233,,,,,,
1234,,,,,,
1235,,,,,,
1236,,,,,,
1237,,,,,,
1238,,,,,,
1239,,,,,,
1240,,,,,,
1241,,,,,,
1242,,,,,,
1243,,,,,,
1244,,,,,,
1245,,,,,,
1246,,,,,,
1247,,,,,,
1248,,,,,,
1249,,,,,,
1250,,,,,,
1251,,,,,,
1252,,,,,,
1253,,,,,,
1254,,,,,,
1255,,,,,,
1256,,,,,,
1257,,,,,,
1258,,,,,,
1259,,,,,,
1260,,,,,,
1261,,,,,,
1262,,,,,,
1263,,,,,,
1264,,,,,,
1265,,,,,,
1266,,,,,,
1267,,,,,,
1268,,,,,,
1269,,,,,,
1270,,,,,,
1271,,,,,,
1272,,,,,,
1273,,,,,,
1274,,,,,,
1275,,,,,,
1276,,,,,,
1277,,,,,,
1278,,,,,,
1279,,,,,,
1280,,,,,,
1281,,,,,,
1282,,,,,,
1283,,,,,,
1284,,,,,,
1285,,,,,,
1286,,,,,,
1287,,,,,,
1288,,,,,,
1289,,,,,,
1290,,,,,,
1291,,,,,,
1292,,,,,,
1293,,,,,,
1294,,,,,,
1295,,,,,,
1296,,,,,,
1297,,,,,,
1298,,,,,,
1299,,,,,,
1300,,,,,,
1301,,,,,,
1302,,,,,,
1303,,,,,,
1304,,,,,,
1305,,,,,,
1306,,,,,,
1307,,,,,,
1308,,,,,,
1309,,,,,,
1310,,,,,,
1311,,,,,,
1312,,,,,,
1313,,,,,,
1314,,,,,,
1315,,,,,,
1316,,,,,,
1317,,,,,,
1318,,,,,,
1319,,,,,,
1320,,,,,,
1321,,,,,,
1322,,,,,,
1323,,,,,,
1324,,,,,,
1325,,,,,,
1326,,,,,,
1327,,,,,,
1328,,,,,,
1329,,,,,,
1330,,,,,,
1331,,,,,,
1332,,,,,,
1333,,,,,,
1334,,,,,,
1335,,,,,,
1336,,,,,,
1337,,,,,,
1338,,,,,,
1339,,,,,,
1340,,,,,,
1341,,,,,,
1342,,,,,,
1343,,,,,,
1344,,,,,,
1345,,,,,,
1346,,,,,,
1347,,,,,,
1348,,,,,,
1349,,,,,,
1350,,,,,,
1351,,,,,,
1352,,,,,,
1353,,,,,,
1354,,,,,,
1355,,,,,,
1356,,,,,,
1357,,,,,,
1358,,,,,,
1359,,,,,,
1360,,,,,,
1361,,,,,,
1362,,,,,,
1363,,,,,,
1364,,,,,,
1365,,,,,,
1366,,,,,,
1367,,,,,,
1368,,,,,,
1369,,,,,,
1370,,,,,,
1371,,,,,,
1372,,,,,,
1373,,,,,,
1374,,,,,,
1375,,,,,,
1376,,,,,,
1377,,,,,,
1378,,,,,,
1379,,,,,,
1380,,,,,,
1381,,,,,,
1382,,,,,,
1383,,,,,,
1384,,,,,,
1385,,,,,,
1386,,,,,,
1387,,,,,,
1388,,,,,,
1389,,,,,,
1390,,,,,,
1391,,,,,,
1392,,,,,,
1393,,,,,,
1394,,,,,,
1395,,,,,,
1396,,,,,,
1397,,,,,,
1398,,,,,,
1399,,,,,,
1400,,,,,,
1401,,,,,,
1402,,,,,,
1403,,,,,,
1404,,,,,,
1405,,,,,,
1406,,,,,,
1407,,,,,,
1408,,,,,,
1409,,,,,,
1410,,,,,,
1411,,,,,,
1412,,,,,,
1413,,,,,,
1414,,,,,,
1415,,,,,,
1416,,,,,,
1417,,,,,,
1418,,,,,,
1419,,,,,,
1420,,,,,,
1421,,,,,,
1422,,,,,,
1423,,,,,,
1424,,,,,,
1425,,,,,,
1426,,,,,,
1427,,,,,,
1428,,,,,,
1429,,,,,,
1430,,,,,,
1431,,,,,,
1432,,,,,,
1433,,,,,,
1434,,,,,,
1435,,,,,,
1436,,,,,,
1437,,,,,,
1438,,,,,,
1439,,,,,,
1440,,,,,,
1441,,,,,,
1442,,,,,,
1443,,,,,,
1444,,,,,,
1445,,,,,,
1446,,,,,,
1447,,,,,,
1448,,,,,,
1449,,,,,,
1450,,,,,,
1451,,,,,,
1452,,,,,,
1453,,,,,,
1454,,,,,,
1455,,,,,,
1456,,,,,,
1457,,,,,,
1458,,,,,,
1459,,,,,,
1460,,,,,,
1461,,,,,,
1462,,,,,,
1463,,,,,,
1464,,,,,,
1465,,,,,,
1466,,,,,,
1467,,,,,,
1468,,,,,,
1469,,,,,,
1470,,,,,,
1471,,,,,,
1472,,,,,,
1473,,,,,,
1474,,,,,,
1475,,,,,,
1476,,,,,,
1477,,,,,,
1478,,,,,,
1479,,,,,,
1480,,,,,,
1481,,,,,,
1482,,,,,,
1483,,,,,,
1484,,,,,,
1485,,,,,,
1486,,,,,,
1487,,,,,,
1488,,,,,,
1489,,,,,,
1490,,,,,,
1491,,,,,,
1492,,,,,,
1493,,,,,,
1494,,,,,,
1495,,,,,,
1496,,,,,,
1497,,,,,,
1498,,,,,,
1499,,,,,,
1500,,,,,,
1501,,,,,,
1502,,,,,,
1503,,,,,,
1504,,,,,,
1505,,,,,,
1506,,,,,,
1507,,,,,,
1508,,,,,,
1509,,,,,,
1510,,,,,,
1511,,,,,,
1512,,,,,,
1513,,,,,,
1514,,,,,,
1515,,,,,,
1516,,,,,,
1517,,,,,,
1518,,,,,,
1519,,,,,,
1520,,,,,,
1521,,,,,,
1522,,,,,,
1523,,,,,,
1524,,,,,,
1525,,,,,,
1526,,,,,,
1527,,,,,,
1528,,,,,,
1529,,,,,,
1530,,,,,,
1531,,,,,,
1532,,,,,,
1533,,,,,,
1534,,,,,,
1535,,,,,,
1536,,,,,,
1537,,,,,,
1538,,,,,,
1539,,,,,,
1540,,,,,,
1541,,,,,,
1542,,,,,,
1543,,,,,,
1544,,,,,,
1545,,,,,,
1546,,,,,,
1547,,,,,,
1548,,,,,,
1549,,,,,,
1550,,,,,,
1551,,,,,,
1552,,,,,,
1553,,,,,,
1554,,,,,,
1555,,,,,,
1556,,,,,,
1557,,,,,,
1558,,,,,,
1559,,,,,,
1560,,,,,,
1561,,,,,,
1562,,,,,,
1563,,,,,,
1564,,,,,,
1565,,,,,,
1566,,,,,,
1567,,,,,,
1568,,,,,,
1569,,,,,,
1570,,,,,,
1571,,,,,,
1572,,,,,,
1573,,,,,,
1574,,,,,,
1575,,,,,,
1576,,,,,,
1577,,,,,,
1578,,,,,,
1579,,,,,,
1580,,,,,,
1581,,,,,,
1582,,,,,,
1583,,,,,,
1584,,,,,,
1585,,,,,,
1586,,,,,,
1587,,,,,,
1588,,,,,,
1589,,,,,,
1590,,,,,,
1591,,,,,,
1592,,,,,,
1593,,,,,,
1594,,,,,,
1595,,,,,,
1596,,,,,,
1597,,,,,,
1598,,,,,,
1599,,,,,,
1600,,,,,,
1601,,,,,,
1602,,,,,,
1603,,,,,,
1604,,,,,,
1605,,,,,,
1606,,,,,,
1607,,,,,,
1608,,,,,,
1609,,,,,,
1610,,,,,,
1611,,,,,,
1612,,,,,,
1613,,,,,,
1614,,,,,,
1615,,,,,,
1616,,,,,,
1617,,,,,,
1618,,,,,,
1619,,,,,,
1620,,,,,,
1621,,,,,,
1622,,,,,,
1623,,,,,,
1624,,,,,,
1625,,,,,,
1626,,,,,,
1627,,,,,,
1628,,,,,,
1629,,,,,,
1630,,,,,,
1631,,,,,,
1632,,,,,,
1633,,,,,,
1634,,,,,,
1635,,,,,,
1636,,,,,,
1637,,,,,,
1638,,,,,,
1639,,,,,,
1640,,,,,,
1641,,,,,,
1642,,,,,,
1643,,,,,,
1644,,,,,,
1645,,,,,,
1646,,,,,,
1647,,,,,,
1648,,,,,,
1649,,,,,,
1650,,,,,,
1651,,,,,,
1652,,,,,,
1653,,,,,,
1654,,,,,,
1655,,,,,,
1656,,,,,,
1657,,,,,,
1658,,,,,,
1659,,,,,,
1660,,,,,,
1661,,,,,,
1662,,,,,,
1663,,,,,,
1664,,,,,,
1665,,,,,,
1666,,,,,,
1667,,,,,,
1668,,,,,,
1669,,,,,,
1670,,,,,,
1671,,,,,,
1672,,,,,,
1673,,,,,,
1674,,,,,,
1675,,,,,,
1676,,,,,,
1677,,,,,,
1678,,,,,,
1679,,,,,,
1680,,,,,,
1681,,,,,,
1682,,,,,,
1683,,,,,,
1684,,,,,,
1685,,,,,,
1686,,,,,,
1687,,,,,,
1688,,,,,,
1689,,,,,,
1690,,,,,,
1691,,,,,,
1692,,,,,,
1693,,,,,,
1694,,,,,,
1695,,,,,,
1696,,,,,,
1697,,,,,,
1698,,,,,,
1699,,,,,,
1700,,,,,,
1701,,,,,,
1702,,,,,,
1703,,,,,,
1704,,,,,,
1705,,,,,,
1706,,,,,,
1707,,,,,,
1708,,,,,,
1709,,,,,,
1710,,,,,,
1711,,,,,,
1712,,,,,,
1713,,,,,,
1714,,,,,,
1715,,,,,,
1716,,,,,,
1717,,,,,,
1718,,,,,,
1719,,,,,,
1720,,,,,,
1721,,,,,,
1722,,,,,,
1723,,,,,,
1724,,,,,,
1725,,,,,,
1726,,,,,,
1727,,,,,,
1728,,,,,,
1729,,,,,,
1730,,,,,,
1731,,,,,,
1732,,,,,,
1733,,,,,,
1734,,,,,,
1735,,,,,,
1736,,,,,,
1737,,,,,,
1738,,,,,,
1739,,,,,,
1740,,,,,,
1741,,,,,,
1742,,,,,,
1743,,,,,,
1744,,,,,,
1745,,,,,,
1746,,,,,,
1747,,,,,,
1748,,,,,,
1749,,,,,,
1750,,,,,,
1751,,,,,,
1752,,,,,,
1753,,,,,,
1754,,,,,,
1755,,,,,,
1756,,,,,,
1757,,,,,,
1758,,,,,,
1759,,,,,,
1760,,,,,,
1761,,,,,,
1762,,,,,,
1763,,,,,,
1764,,,,,,
1765,,,,,,
1766,,,,,,
1767,,,,,,
1768,,,,,,
1769,,,,,,
1770,,,,,,
1771,,,,,,
1772,,,,,,
1773,,,,,,
1774,,,,,,
1775,,,,,,
1776,,,,,,
1777,,,,,,
1778,,,,,,
1779,,,,,,
1780,,,,,,
1781,,,,,,
1782,,,,,,
1783,,,,,,
1784,,,,,,
1785,,,,,,
1786,,,,,,
1787,,,,,,
1788,,,,,,
1789,,,,,,
1790,,,,,,
1791,,,,,,
1792,,,,,,
1793,,,,,,
1794,,,,,,
1795,,,,,,
1796,,,,,,
1797,,,,,,
1798,,,,,,
1799,,,,,,
1800,,,,,,
1801,,,,,,
1802,,,,,,
1803,,,,,,
1804,,,,,,
1805,,,,,,
1806,,,,,,
1807,,,,,,
1808,,,,,,
1809,,,,,,
1810,,,,,,
1811,,,,,,
1812,,,,,,
1813,,,,,,
1814,,,,,,
1815,,,,,,
1816,,,,,,
1817,,,,,,
1818,,,,,,
1819,,,,,,
1820,,,,,,
1821,,,,,,
1822,,,,,,
1823,,,,,,
1824,,,,,,
1825,,,,,,
1826,,,,,,
1827,,,,,,
1828,,,,,,
1829,,,,,,
1830,,,,,,
1831,,,,,,
1832,,,,,,
1833,,,,,,
1834,,,,,,
1835,,,,,,
1836,,,,,,
1837,,,,,,
1838,,,,,,
1839,,,,,,
1840,,,,,,
1841,,,,,,
1842,,,,,,
1843,,,,,,
1844,,,,,,
1845,,,,,,
1846,,,,,,
1847,,,,,,
1848,,,,,,
1849,,,,,,
1850,,,,,,
1851,,,,,,
1852,,,,,,
1853,,,,,,
1854,,,,,,
1855,,,,,,
1856,,,,,,
1857,,,,,,
1858,,,,,,
1859,,,,,,
1860,,,,,,
1861,,,,,,
1862,,,,,,
1863,,,,,,
1864,,,,,,
1865,,,,,,
1866,,,,,,
1867,,,,,,
1868,,,,,,
1869,,,,,,
1870,,,,,,
1871,,,,,,
1872,,,,,,
1873,,,,,,
1874,,,,,,
1875,,,,,,
1876,,,,,,
1877,,,,,,
1878,,,,,,
1879,,,,,,
1880,,,,,,
1881,,,,,,
1882,,,,,,
1883,,,,,,
1884,,,,,,
1885,,,,,,
1886,,,,,,
1887,,,,,,
1888,,,,,,
1889,,,,,,
1890,,,,,,
1891,,,,,,
1892,,,,,,
1893,,,,,,
1894,,,,,,
1895,,,,,,
1896,,,,,,
1897,,,,,,
1898,,,,,,
1899,,,,,,
1900,,,,,,
1901,,,,,,
1902,,,,,,
1903,,,,,,
1904,,,,,,
1905,,,,,,
1906,,,,,,
1907,,,,,,
1908,,,,,,
1909,,,,,,
1910,,,,,,
1911,,,,,,
1912,,,,,,
1913,,,,,,
1914,,,,,,
1915,,,,,,
1916,,,,,,
1917,,,,,,
1918,,,,,,
1919,,,,,,
1920,,,,,,
1921,,,,,,
1922,,,,,,
1923,,,,,,
1924,,,,,,
1925,,,,,,
1926,,,,,,
1927,,,,,,
1928,,,,,,
1929,,,,,,
1930,,,,,,
1931,,,,,,
1932,,,,,,
1933,,,,,,
1934,,,,,,
1935,,,,,,
1936,,,,,,
1937,,,,,,
1938,,,,,,
1939,,,,,,
1940,,,,,,
1941,,,,,,
1942,,,,,,
1943,,,,,,
1944,,,,,,
1945,,,,,,
1946,,,,,,
1947,,,,,,
1948,,,,,,
1949,,,,,,
1950,,,,,,
1951,,,,,,
1952,,,,,,
1953,,,,,,
1954,,,,,,
1955,,,,,,
1956,,,,,,
1957,,,,,,
1958,,,,,,
1959,,,,,,
1960,,,,,,
1961,,,,,,
1962,,,,,,
1963,,,,,,
1964,,,,,,
1965,,,,,,
1966,,,,,,
1967,,,,,,
1968,,,,,,
1969,,,,,,
1970,,,,,,
1971,,,,,,
1972,,,,,,
1973,,,,,,
1974,,,,,,
1975,,,,,,
1976,,,,,,
1977,,,,,,
1978,,,,,,
1979,,,,,,
1980,,,,,,
1981,,,,,,
1982,,,,,,
1983,,,,,,
1984,,,,,,
1985,,,,,,
1986,,,,,,
1987,,,,,,
1988,,,,,,
1989,,,,,,
1990,,,,,,
1991,,,,,,
1992,,,,,,
1993,,,,,,
1994,,,,,,
1995,,,,,,
1996,,,,,,
1997,,,,,,
1998,,,,,,
1999,,,,,,
2000,,,,,,
2001,,,,,,
2002,,,,,,
2003,,,,,,
2004,,,,,,
2005,,,,,,
2006,,,,,,
2007,,,,,,
2008,,,,,,
2009,,,,,,
2010,,,,,,
2011,,,,,,
2012,,,,,,
2013,,,,,,
2014,,,,,,
2015,,,,,,
2016,,,,,,
2017,,,,,,
2018,,,,,,
2019,,,,,,
2020,,,,,,
2021,,,,,,
2022,,,,,,
2023,,,,,,
2024,,,,,,
2025,,,,,,
2026,,,,,,
2027,,,,,,
2028,,,,,,
2029,,,,,,
2030,,,,,,
2031,,,,,,
2032,,,,,,
2033,,,,,,
2034,,,,,,
2035,,,,,,
2036,,,,,,
2037,,,,,,
2038,,,,,,
2039,,,,,,
2040,,,,,,
2041,,,,,,
2042,,,,,,
2043,,,,,,
2044,,,,,,
2045,,,,,,
2046,,,,,,
2047,,,,,,
2048,,,,,,
2049,,,,,,
2050,,,,,,
2051,,,,,,
2052,,,,,,
2053,,,,,,
2054,,,,,,
2055,,,,,,
2056,,,,,,
2057,,,,,,
2058,,,,,,
2059,,,,,,
2060,,,,,,
2061,,,,,,
2062,,,,,,
2063,,,,,,
2064,,,,,,
2065,,,,,,
2066,,,,,,
2067,,,,,,
2068,,,,,,
2069,,,,,,
2070,,,,,,
2071,,,,,,
2072,,,,,,
2073,,,,,,
2074,,,,,,
2075,,,,,,
2076,,,,,,
2077,,,,,,
2078,,,,,,
2079,,,,,,
2080,,,,,,
2081,,,,,,
2082,,,,,,
2083,,,,,,
2084,,,,,,
2085,,,,,,
2086,,,,,,
2087,,,,,,
2088,,,,,,
2089,,,,,,
2090,,,,,,
2091,,,,,,
2092,,,,,,
2093,,,,,,
2094,,,,,,
2095,,,,,,
2096,,,,,,
2097,,,,,,
2098,,,,,,
2099,,,,,,
2100,,,,,,
2101,,,,,,
2102,,,,,,
2103,,,,,,
2104,,,,,,
2105,,,,,,
2106,,,,,,
2107,,,,,,
2108,,,,,,
2109,,,,,,
2110,,,,,,
2111,,,,,,
2112,,,,,,
2113,,,,,,
2114,,,,,,
2115,,,,,,
2116,,,,,,
2117,,,,,,
2118,,,,,,
2119,,,,,,
2120,,,,,,
2121,,,,,,
2122,,,,,,
2123,,,,,,
2124,,,,,,
2125,,,,,,
2126,,,,,,
2127,,,,,,
2128,,,,,,
2129,,,,,,
2130,,,,,,
2131,,,,,,
2132,,,,,,
2133,,,,,,
2134,,,,,,
2135,,,,,,
2136,,,,,,
2137,,,,,,
2138,,,,,,
2139,,,,,,
2140,,,,,,
2141,,,,,,
2142,,,,,,
2143,,,,,,
2144,,,,,,
2145,,,,,,
2146,,,,,,
2147,,,,,,
2148,,,,,,
2149,,,,,,
2150,,,,,,
2151,,,,,,
2152,,,,,,
2153,,,,,,
2154,,,,,,
2155,,,,,,
2156,,,,,,
2157,,,,,,
2158,,,,,,
2159,,,,,,
2160,,,,,,
2161,,,,,,
2162,,,,,,
2163,,,,,,
2164,,,,,,
2165,,,,,,
2166,,,,,,
2167,,,,,,
2168,,,,,,
2169,,,,,,
2170,,,,,,
2171,,,,,,
2172,,,,,,
2173,,,,,,
2174,,,,,,
2175,,,,,,
2176,,,,,,
2177,,,,,,
2178,,,,,,
2179,,,,,,
2180,,,,,,
2181,,,,,,
2182,,,,,,
2183,,,,,,
2184,,,,,,
2185,,,,,,
2186,,,,,,
2187,,,,,,
2188,,,,,,
2189,,,,,,
2190,,,,,,
2191,,,,,,
2192,,,,,,
2193,,,,,,
2194,,,,,,
2195,,,,,,
2196,,,,,,
2197,,,,,,
2198,,,,,,
2199,,,,,,
2200,,,,,,
2201,,,,,,
2202,,,,,,
2203,,,,,,
2204,,,,,,
2205,,,,,,
2206,,,,,,
2207,,,,,,
2208,,,,,,
2209,,,,,,
2210,,,,,,
2211,,,,,,
2212,,,,,,
2213,,,,,,
2214,,,,,,
2215,,,,,,
2216,,,,,,
2217,,,,,,
2218,,,,,,
2219,,,,,,
2220,,,,,,
2221,,,,,,
2222,,,,,,
2223,,,,,,
2224,,,,,,
2225,,,,,,
2226,,,,,,
2227,,,,,,
2228,,,,,,
2229,,,,,,
2230,,,,,,
2231,,,,,,
2232,,,,,,
2233,,,,,,
2234,,,,,,
2235,,,,,,
2236,,,,,,
2237,,,,,,
2238,,,,,,
2239,,,,,,
2240,,,,,,
2241,,,,,,
2242,,,,,,
2243,,,,,,
2244,,,,,,
2245,,,,,,
2246,,,,,,
2247,,,,,,
2248,,,,,,
2249,,,,,,
2250,,,,,,
2251,,,,,,
2252,,,,,,
2253,,,,,,
2254,,,,,,
2255,,,,,,
2256,,,,,,
2257,,,,,,
2258,,,,,,
2259,,,,,,
2260,,,,,,
2261,,,,,,
2262,,,,,,
2263,,,,,,
2264,,,,,,
2265,,,,,,
2266,,,,,,
2267,,,,,,
2268,,,,,,
2269,,,,,,
2270,,,,,,
2271,,,,,,
2272,,,,,,
2273,,,,,,
2274,,,,,,
2275,,,,,,
2276,,,,,,
2277,,,,,,
2278,,,,,,
2279,,,,,,
2280,,,,,,
2281,,,,,,
2282,,,,,,
2283,,,,,,
2284,,,,,,
2285,,,,,,
2286,,,,,,
2287,,,,,,
2288,,,,,,
2289,,,,,,
2290,,,,,,
2291,,,,,,
2292,,,,,,
2293,,,,,,
2294,,,,,,
2295,,,,,,
2296,,,,,,
2297,,,,,,
2298,,,,,,
2299,,,,,,
2300,,,,,,
2301,,,,,,
2302,,,,,,
2303,,,,,,
2304,,,,,,
2305,,,,,,
2306,,,,,,
2307,,,,,,
2308,,,,,,
2309,,,,,,
2310,,,,,,
2311,,,,,,
2312,,,,,,
2313,,,,,,
2314,,,,,,
2315,,,,,,
2316,,,,,,
2317,,,,,,
2318,,,,,,
2319,,,,,,
2320,,,,,,
2321,,,,,,
2322,,,,,,
2323,,,,,,
2324,,,,,,
2325,,,,,,
2326,,,,,,
2327,,,,,,
2328,,,,,,
2329,,,,,,
2330,,,,,,
2331,,,,,,
2332,,,,,,
2333,,,,,,
2334,,,,,,
2335,,,,,,
2336,,,,,,
2337,,,,,,
2338,,,,,,
2339,,,,,,
2340,,,,,,
2341,,,,,,
2342,,,,,,
2343,,,,,,
2344,,,,,,
2345,,,,,,
2346,,,,,,
2347,,,,,,
2348,,,,,,
2349,,,,,,
2350,,,,,,
2351,,,,,,
2352,,,,,,
2353,,,,,,
2354,,,,,,
2355,,,,,,
2356,,,,,,
2357,,,,,,
2358,,,,,,
2359,,,,,,
2360,,,,,,
2361,,,,,,
2362,,,,,,
2363,,,,,,
2364,,,,,,
2365,,,,,,
2366,,,,,,
2367,,,,,,
2368,,,,,,
2369,,,,,,
2370,,,,,,
2371,,,,,,
2372,,,,,,
2373,,,,,,
2374,,,,,,
2375,,,,,,
2376,,,,,,
2377,,,,,,
2378,,,,,,
2379,,,,,,
2380,,,,,,
2381,,,,,,
2382,,,,,,
2383,,,,,,
2384,,,,,,
2385,,,,,,
2386,,,,,,
2387,,,,,,
2388,,,,,,
2389,,,,,,
2390,,,,,,
2391,,,,,,
2392,,,,,,
2393,,,,,,
2394,,,,,,
2395,,,,,,
2396,,,,,,
2397,,,,,,
2398,,,,,,
2399,,,,,,
2400,,,,,,
2401,,,,,,
2402,,,,,,
2403,,,,,,
2404,,,,,,
2405,,,,,,
2406,,,,,,
2407,,,,,,
2408,,,,,,
2409,,,,,,
2410,,,,,,
2411,,,,,,
2412,,,,,,
2413,,,,,,
2414,,,,,,
2415,,,,,,
2416,,,,,,
2417,,,,,,
2418,,,,,,
2419,,,,,,
2420,,,,,,
2421,,,,,,
2422,,,,,,
2423,,,,,,
2424,,,,,,
2425,,,,,,
2426,,,,,,
2427,,,,,,
2428,,,,,,
2429,,,,,,
2430,,,,,,
2431,,,,,,
2432,,,,,,
2433,,,,,,
2434,,,,,,
2435,,,,,,
2436,,,,,,
2437,,,,,,
2438,,,,,,
2439,,,,,,
2440,,,,,,
2441,,,,,,
2442,,,,,,
2443,,,,,,
2444,,,,,,
2445,,,,,,
2446,,,,,,
2447,,,,,,
2448,,,,,,
2449,,,,,,
2450,,,,,,
2451,,,,,,
2452,,,,,,
2453,,,,,,
2454,,,,,,
2455,,,,,,
2456,,,,,,
2457,,,,,,
2458,,,,,,
2459,,,,,,
2460,,,,,,
2461,,,,,,
2462,,,,,,
2463,,,,,,
2464,,,,,,
2465,,,,,,
2466,,,,,,
2467,,,,,,
2468,,,,,,
2469,,,,,,
2470,,,,,,
2471,,,,,,
2472,,,,,,
2473,,,,,,
2474,,,,,,
2475,,,,,,
2476,,,,,,
2477,,,,,,
2478,,,,,,
2479,,,,,,
2480,,,,,,
2481,,,,,,
2482,,,,,,
2483,,,,,,
2484,,,,,,
2485,,,,,,
2486,,,,,,
2487,,,,,,
2488,,,,,,
2489,,,,,,
2490,,,,,,
2491,,,,,,
2492,,,,,,
2493,,,,,,
2494,,,,,,
2495,,,,,,
2496,,,,,,
2497,,,,,,
2498,,,,,,
2499,,,,,,
2500,,,,,,
2501,,,,,,
2502,,,,,,
2503,,,,,,
2504,,,,,,
2505,,,,,,
2506,,,,,,
2507,,,,,,
2508,,,,,,
2509,,,,,,
2510,,,,,,
2511,,,,,,
2512,,,,,,
2513,,,,,,
2514,,,,,,
2515,,,,,,
2516,,,,,,
2517,,,,,,
2518,,,,,,
2519,,,,,,
2520,,,,,,
2521,,,,,,
2522,,,,,,
2523,,,,,,
2524,,,,,,
2525,,,,,,
2526,,,,,,
2527,,,,,,
2528,,,,,,
2529,,,,,,
2530,,,,,,
2531,,,,,,
2532,,,,,,
2533,,,,,,
2534,,,,,,
2535,,,,,,
2536,,,,,,
2537,,,,,,
2538,,,,,,
2539,,,,,,
2540,,,,,,
2541,,,,,,
2542,,,,,,
2543,,,,,,
2544,,,,,,
2545,,,,,,
2546,,,,,,
2547,,,,,,
2548,,,,,,
2549,,,,,,
2550,,,,,,
2551,,,,,,
2552,,,,,,
2553,,,,,,
2554,,,,,,
2555,,,,,,
2556,,,,,,
2557,,,,,,
2558,,,,,,
2559,,,,,,
2560,,,,,,
2561,,,,,,
2562,,,,,,
2563,,,,,,
2564,,,,,,
2565,,,,,,
2566,,,,,,
2567,,,,,,
2568,,,,,,
2569,,,,,,
2570,,,,,,
2571,,,,,,
2572,,,,,,
2573,,,,,,
2574,,,,,,
2575,,,,,,
2576,,,,,,
2577,,,,,,
2578,,,,,,
2579,,,,,,
2580,,,,,,
2581,,,,,,
2582,,,,,,
2583,,,,,,
2584,,,,,,
2585,,,,,,
2586,,,,,,
2587,,,,,,
2588,,,,,,
2589,,,,,,
2590,,,,,,
2591,,,,,,
2592,,,,,,
2593,,,,,,
2594,,,,,,
2595,,,,,,
2596,,,,,,
2597,,,,,,
2598,,,,,,
2599,,,,,,
2600,,,,,,
2601,,,,,,
2602,,,,,,
2603,,,,,,
2604,,,,,,
2605,,,,,,
2606,,,,,,
2607,,,,,,
2608,,,,,,
2609,,,,,,
2610,,,,,,
2611,,,,,,
2612,,,,,,
2613,,,,,,
2614,,,,,,
2615,,,,,,
2616,,,,,,
2617,,,,,,
2618,,,,,,
2619,,,,,,
2620,,,,,,
2621,,,,,,
2622,,,,,,
2623,,,,,,
2624,,,,,,
2625,,,,,,
2626,,,,,,
2627,,,,,,
2628,,,,,,
2629,,,,,,
2630,,,,,,
2631,,,,,,
2632,,,,,,
2633,,,,,,
2634,,,,,,
2635,,,,,,
2636,,,,,,
2637,,,,,,
2638,,,,,,
2639,,,,,,
2640,,,,,,
2641,,,,,,
2642,,,,,,
2643,,,,,,
2644,,,,,,
2645,,,,,,
2646,,,,,,
2647,,,,,,
2648,,,,,,
2649,,,,,,
2650,,,,,,
2651,,,,,,
2652,,,,,,
2653,,,,,,
2654,,,,,,
2655,,,,,,
2656,,,,,,
2657,,,,,,
2658,,,,,,
2659,,,,,,
2660,,,,,,
2661,,,,,,
2662,,,,,,
2663,,,,,,
2664,,,,,,
2665,,,,,,
2666,,,,,,
2667,,,,,,
2668,,,,,,
2669,,,,,,
2670,,,,,,
2671,,,,,,
2672,,,,,,
2673,,,,,,
2674,,,,,,
2675,,,,,,
2676,,,,,,
2677,,,,,,
2678,,,,,,
2679,,,,,,
2680,,,,,,
2681,,,,,,
2682,,,,,,
2683,,,,,,
2684,,,,,,
2685,,,,,,
2686,,,,,,
2687,,,,,,
2688,,,,,,
2689,,,,,,
2690,,,,,,
2691,,,,,,
2692,,,,,,
2693,,,,,,
2694,,,,,,
2695,,,,,,
2696,,,,,,
2697,,,,,,
2698,,,,,,
2699,,,,,,
2700,,,,,,
2701,,,,,,
2702,,,,,,
2703,,,,,,
2704,,,,,,
2705,,,,,,
2706,,,,,,
2707,,,,,,
2708,,,,,,
2709,,,,,,
2710,,,,,,
2711,,,,,,
2712,,,,,,
2713,,,,,,
2714,,,,,,
2715,,,,,,
2716,,,,,,
2717,,,,,,
2718,,,,,,
2719,,,,,,
2720,,,,,,
2721,,,,,,
2722,,,,,,
2723,,,,,,
2724,,,,,,
2725,,,,,,
2726,,,,,,
2727,,,,,,
2728,,,,,,
2729,,,,,,
2730,,,,,,
2731,,,,,,
2732,,,,,,
2733,,,,,,
2734,,,,,,
2735,,,,,,
2736,,,,,,
2737,,,,,,
2738,,,,,,
2739,,,,,,
2740,,,,,,
2741,,,,,,
2742,,,,,,
2743,,,,,,
2744,,,,,,
2745,,,,,,
2746,,,,,,
2747,,,,,,
2748,,,,,,
2749,,,,,,
2750,,,,,,
2751,,,,,,
2752,,,,,,
2753,,,,,,
2754,,,,,,
2755,,,,,,
2756,,,,,,
2757,,,,,,
2758,,,,,,
2759,,,,,,
2760,,,,,,
2761,,,,,,
2762,,,,,,
2763,,,,,,
2764,,,,,,
2765,,,,,,
2766,,,,,,
2767,,,,,,
2768,,,,,,
2769,,,,,,
2770,,,,,,
2771,,,,,,
2772,,,,,,
2773,,,,,,
2774,,,,,,
2775,,,,,,
2776,,,,,,
2777,,,,,,
2778,,,,,,
2779,,,,,,
2780,,,,,,
2781,,,,,,
2782,,,,,,
2783,,,,,,
2784,,,,,,
2785,,,,,,
2786,,,,,,
2787,,,,,,
2788,,,,,,
2789,,,,,,
2790,,,,,,
2791,,,,,,
2792,,,,,,
2793,,,,,,
2794,,,,,,
2795,,,,,,
2796,,,,,,
2797,,,,,,
2798,,,,,,
2799,,,,,,
2800,,,,,,
2801,,,,,,
2802,,,,,,
2803,,,,,,
2804,,,,,,
2805,,,,,,
2806,,,,,,
2807,,,,,,
2808,,,,,,
2809,,,,,,
2810,,,,,,
2811,,,,,,
2812,,,,,,
2813,,,,,,
2814,,,,,,
2815,,,,,,
2816,,,,,,
2817,,,,,,
2818,,,,,,
2819,,,,,,
2820,,,,,,
2821,,,,,,
2822,,,,,,
2823,,,,,,
2824,,,,,,
2825,,,,,,
2826,,,,,,
2827,,,,,,
2828,,,,,,
2829,,,,,,
2830,,,,,,
2831,,,,,,
2832,,,,,,
2833,,,,,,
2834,,,,,,
2835,,,,,,
2836,,,,,,
2837,,,,,,
2838,,,,,,
2839,,,,,,
2840,,,,,,
2841,,,,,,
2842,,,,,,
2843,,,,,,
2844,,,,,,
2845,,,,,,
2846,,,,,,
2847,,,,,,
2848,,,,,,
2849,,,,,,
2850,,,,,,
2851,,,,,,
2852,,,,,,
2853,,,,,,
2854,,,,,,
2855,,,,,,
2856,,,,,,
2857,,,,,,
2858,,,,,,
2859,,,,,,
2860,,,,,,
2861,,,,,,
2862,,,,,,
2863,,,,,,
2864,,,,,,
2865,,,,,,
2866,,,,,,
2867,,,,,,
2868,,,,,,
2869,,,,,,
2870,,,,,,
2871,,,,,,
2872,,,,,,
2873,,,,,,
2874,,,,,,
2875,,,,,,
2876,,,,,,
2877,,,,,,
2878,,,,,,
2879,,,,,,
2880,,,,,,
2881,,,,,,
2882,,,,,,
2883,,,,,,
2884,,,,,,
2885,,,,,,
2886,,,,,,
2887,,,,,,
2888,,,,,,
2889,,,,,,
2890,,,,,,
2891,,,,,,
2892,,,,,,
2893,,,,,,
2894,,,,,,
2895,,,,,,
2896,,,,,,
2897,,,,,,
2898,,,,,,
2899,,,,,,
2900,,,,,,
2901,,,,,,
2902,,,,,,
2903,,,,,,
2904,,,,,,
2905,,,,,,
2906,,,,,,
2907,,,,,,
2908,,,,,,
2909,,,,,,
2910,,,,,,
2911,,,,,,
2912,,,,,,
2913,,,,,,
2914,,,,,,
2915,,,,,,
2916,,,,,,
2917,,,,,,
2918,,,,,,
2919,,,,,,
2920,,,,,,
2921,,,,,,
2922,,,,,,
2923,,,,,,
2924,,,,,,
2925,,,,,,
2926,,,,,,
2927,,,,,,
2928,,,,,,
2929,,,,,,
2930,,,,,,
2931,,,,,,
2932,,,,,,
2933,,,,,,
2934,,,,,,
2935,,,,,,
2936,,,,,,
2937,,,,,,
2938,,,,,,
2939,,,,,,
2940,,,,,,
2941,,,,,,
2942,,,,,,
2943,,,,,,
2944,,,,,,
2945,,,,,,
2946,,,,,,
2947,,,,,,
2948,,,,,,
2949,,,,,,
2950,,,,,,
2951,,,,,,
2952,,,,,,
2953,,,,,,
2954,,,,,,
2955,,,,,,
2956,,,,,,
2957,,,,,,
2958,,,,,,
2959,,,,,,
2960,,,,,,
2961,,,,,,
2962,,,,,,
2963,,,,,,
2964,,,,,,
2965,,,,,,
2966,,,,,,
2967,,,,,,
2968,,,,,,
2969,,,,,,
2970,,,,,,
2971,,,,,,
2972,,,,,,
2973,,,,,,
2974,,,,,,
2975,,,,,,
2976,,,,,,
2977,,,,,,
2978,,,,,,
2979,,,,,,
2980,,,,,,
2981,,,,,,
2982,,,,,,
2983,,,,,,
2984,,,,,,
2985,,,,,,
2986,,,,,,
2987,,,,,,
2988,,,,,,
2989,,,,,,
2990,,,,,,
2991,,,,,,
2992,,,,,,
2993,,,,,,
2994,,,,,,
2995,,,,,,
2996,,,,,,
2997,,,,,,
2998,,,,,,
2999,,,,,,
3000,,,,,,
3001,,,,,,
3002,,,,,,
3003,,,,,,
3004,,,,,,
3005,,,,,,
3006,,,,,,
3007,,,,,,
3008,,,,,,
3009,,,,,,
3010,,,,,,
3011,,,,,,
3012,,,,,,
3013,,,,,,
3014,,,,,,
3015,,,,,,
3016,,,,,,
3017,,,,,,
3018,,,,,,
3019,,,,,,
3020,,,,,,
3021,,,,,,
3022,,,,,,
3023,,,,,,
3024,,,,,,
3025,,,,,,
3026,,,,,,
3027,,,,,,
3028,,,,,,
3029,,,,,,
3030,,,,,,
3031,,,,,,
3032,,,,,,
3033,,,,,,
3034,,,,,,
3035,,,,,,
3036,,,,,,
3037,,,,,,
3038,,,,,,
3039,,,,,,
3040,,,,,,
3041,,,,,,
3042,,,,,,
3043,,,,,,
3044,,,,,,
3045,,,,,,
3046,,,,,,
3047,,,,,,
3048,,,,,,
3049,,,,,,
3050,,,,,,
3051,,,,,,
3052,,,,,,
3053,,,,,,
3054,,,,,,
3055,,,,,,
3056,,,,,,
3057,,,,,,
3058,,,,,,
3059,,,,,,
3060,,,,,,
3061,,,,,,
3062,,,,,,
3063,,,,,,
3064,,,,,,
3065,,,,,,
3066,,,,,,
3067,,,,,,
3068,,,,,,
3069,,,,,,
3070,,,,,,
3071,,,,,,
3072,,,,,,
3073,,,,,,
3074,,,,,,
3075,,,,,,
3076,,,,,,
3077,,,,,,
3078,,,,,,
3079,,,,,,
3080,,,,,,
3081,,,,,,
3082,,,,,,
3083,,,,,,
3084,,,,,,
3085,,,,,,
3086,,,,,,
3087,,,,,,
3088,,,,,,
3089,,,,,,
3090,,,,,,
3091,,,,,,
3092,,,,,,
3093,,,,,,
3094,,,,,,
3095,,,,,,
3096,,,,,,
3097,,,,,,
3098,,,,,,
3099,,,,,,
3100,,,,,,
3101,,,,,,
3102,,,,,,
3103,,,,,,
3104,,,,,,
3105,,,,,,
3106,,,,,,
3107,,,,,,
3108,,,,,,
3109,,,,,,
3110,,,,,,
3111,,,,,,
3112,,,,,,
3113,,,,,,
3114,,,,,,
3115,,,,,,
3116,,,,,,
3117,,,,,,
3118,,,,,,
3119,,,,,,
3120,,,,,,
3121,,,,,,
3122,,,,,,
3123,,,,,,
3124,,,,,,
3125,,,,,,
3126,,,,,,
3127,,,,,,
3128,,,,,,
3129,,,,,,
3130,,,,,,
3131,,,,,,
3132,,,,,,
3133,,,,,,
3134,,,,,,
3135,,,,,,
3136,,,,,,
3137,,,,,,
3138,,,,,,
3139,,,,,,
3140,,,,,,
3141,,,,,,
3142,,,,,,
3143,,,,,,
3144,,,,,,
3145,,,,,,
3146,,,,,,
3147,,,,,,
3148,,,,,,
3149,,,,,,
3150,,,,,,
3151,,,,,,
3152,,,,,,
3153,,,,,,
3154,,,,,,
3155,,,,,,
3156,,,,,,
3157,,,,,,
3158,,,,,,
3159,,,,,,
3160,,,,,,
3161,,,,,,
3162,,,,,,
3163,,,,,,
3164,,,,,,
3165,,,,,,
3166,,,,,,
3167,,,,,,
3168,,,,,,
3169,,,,,,
3170,,,,,,
3171,,,,,,
3172,,,,,,
3173,,,,,,
3174,,,,,,
3175,,,,,,
3176,,,,,,
3177,,,,,,
3178,,,,,,
3179,,,,,,
3180,,,,,,
3181,,,,,,
3182,,,,,,
3183,,,,,,
3184,,,,,,
3185,,,,,,
3186,,,,,,
3187,,,,,,
3188,,,,,,
3189,,,,,,
3190,,,,,,
3191,,,,,,
3192,,,,,,
3193,,,,,,
3194,,,,,,
3195,,,,,,
3196,,,,,,
3197,,,,,,
3198,,,,,,
3199,,,,,,
3200,,,,,,
3201,,,,,,
3202,,,,,,
3203,,,,,,
3204,,,,,,
3205,,,,,,
3206,,,,,,
3207,,,,,,
3208,,,,,,
3209,,,,,,
3210,,,,,,
3211,,,,,,
3212,,,,,,
3213,,,,,,
3214,,,,,,
3215,,,,,,
3216,,,,,,
3217,,,,,,
3218,,,,,,
3219,,,,,,
3220,,,,,,
3221,,,,,,
3222,,,,,,
3223,,,,,,
3224,,,,,,
3225,,,,,,
3226,,,,,,
3227,,,,,,
3228,,,,,,
3229,,,,,,
3230,,,,,,
3231,,,,,,
3232,,,,,,
3233,,,,,,
3234,,,,,,
3235,,,,,,
3236,,,,,,
3237,,,,,,
3238,,,,,,
3239,,,,,,
3240,,,,,,
3241,,,,,,
3242,,,,,,
3243,,,,,,
3244,,,,,,
3245,,,,,,
3246,,,,,,
3247,,,,,,
3248,,,,,,
3249,,,,,,
3250,,,,,,
3251,,,,,,
3252,,,,,,
3253,,,,,,
3254,,,,,,
3255,,,,,,
3256,,,,,,
3257,,,,,,
3258,,,,,,
3259,,,,,,
3260,,,,,,
3261,,,,,,
3262,,,,,,
3263,,,,,,
3264,,,,,,
3265,,,,,,
3266,,,,,,
3267,,,,,,
3268,,,,,,
3269,,,,,,
3270,,,,,,
3271,,,,,,
3272,,,,,,
3273,,,,,,
3274,,,,,,
3275,,,,,,
3276,,,,,,
3277,,,,,,
3278,,,,,,
3279,,,,,,
3280,,,,,,
3281,,,,,,
3282,,,,,,
3283,,,,,,
3284,,,,,,
3285,,,,,,
3286,,,,,,
3287,,,,,,
3288,,,,,,
3289,,,,,,
3290,,,,,,
3291,,,,,,
3292,,,,,,
3293,,,,,,
3294,,,,,,
3295,,,,,,
3296,,,,,,
3297,,,,,,
3298,,,,,,
3299,,,,,,
3300,,,,,,
3301,,,,,,
3302,,,,,,
3303,,,,,,
3304,,,,,,
3305,,,,,,
3306,,,,,,
3307,,,,,,
3308,,,,,,
3309,,,,,,
3310,,,,,,
3311,,,,,,
3312,,,,,,
3313,,,,,,
3314,,,,,,
3315,,,,,,
3316,,,,,,
3317,,,,,,
3318,,,,,,
3319,,,,,,
3320,,,,,,
3321,,,,,,
3322,,,,,,
3323,,,,,,
3324,,,,,,
3325,,,,,,
3326,,,,,,
3327,,,,,,
3328,,,,,,
3329,,,,,,
3330,,,,,,
3331,,,,,,
3332,,,,,,
3333,,,,,,
3334,,,,,,
3335,,,,,,
3336,,,,,,
3337,,,,,,
3338,,,,,,
3339,,,,,,
3340,,,,,,
3341,,,,,,
3342,,,,,,
3343,,,,,,
3344,,,,,,
3345,,,,,,
3346,,,,,,
3347,,,,,,
3348,,,,,,
3349,,,,,,
3350,,,,,,
3351,,,,,,
3352,,,,,,
3353,,,,,,
3354,,,,,,
3355,,,,,,
3356,,,,,,
3357,,,,,,
3358,,,,,,
3359,,,,,,
3360,,,,,,
3361,,,,,,
3362,,,,,,
3363,,,,,,
3364,,,,,,
3365,,,,,,
3366,,,,,,
3367,,,,,,
3368,,,,,,
3369,,,,,,
3370,,,,,,
3371,,,,,,
3372,,,,,,
3373,,,,,,
3374,,,,,,
3375,,,,,,
3376,,,,,,
3377,,,,,,
3378,,,,,,
3379,,,,,,
3380,,,,,,
3381,,,,,,
3382,,,,,,
3383,,,,,,
3384,,,,,,
3385,,,,,,
3386,,,,,,
3387,,,,,,
3388,,,,,,
3389,,,,,,
3390,,,,,,
3391,,,,,,
3392,,,,,,
3393,,,,,,
3394,,,,,,
3395,,,,,,
3396,,,,,,
3397,,,,,,
3398,,,,,,
3399,,,,,,
3400,,,,,,
3401,,,,,,
3402,,,,,,
3403,,,,,,
3404,,,,,,
3405,,,,,,
3406,,,,,,
3407,,,,,,
3408,,,,,,
3409,,,,,,
3410,,,,,,
3411,,,,,,
3412,,,,,,
3413,,,,,,
3414,,,,,,
3415,,,,,,
3416,,,,,,
3417,,,,,,
3418,,,,,,
3419,,,,,,
3420,,,,,,
3421,,,,,,
3422,,,,,,
3423,,,,,,
3424,,,,,,
3425,,,,,,
3426,,,,,,
3427,,,,,,
3428,,,,,,
3429,,,,,,
3430,,,,,,
3431,,,,,,
3432,,,,,,
3433,,,,,,
3434,,,,,,
3435,,,,,,
3436,,,,,,
3437,,,,,,
3438,,,,,,
3439,,,,,,
3440,,,,,,
3441,,,,,,
3442,,,,,,
3443,,,,,,
3444,,,,,,
3445,,,,,,
3446,,,,,,
3447,,,,,,
3448,,,,,,
3449,,,,,,
3450,,,,,,
3451,,,,,,
3452,,,,,,
3453,,,,,,
3454,,,,,,
3455,,,,,,
3456,,,,,,
3457,,,,,,
3458,,,,,,
3459,,,,,,
3460,,,,,,
3461,,,,,,
3462,,,,,,
3463,,,,,,
3464,,,,,,
3465,,,,,,
3466,,,,,,
3467,,,,,,
3468,,,,,,
3469,,,,,,
3470,,,,,,
3471,,,,,,
3472,,,,,,
3473,,,,,,
3474,,,,,,
3475,,,,,,
3476,,,,,,
3477,,,,,,
3478,,,,,,
3479,,,,,,
3480,,,,,,
3481,,,,,,
3482,,,,,,
3483,,,,,,
3484,,,,,,
3485,,,,,,
3486,,,,,,
3487,,,,,,
3488,,,,,,
3489,,,,,,
3490,,,,,,
3491,,,,,,
3492,,,,,,
3493,,,,,,
3494,,,,,,
3495,,,,,,
3496,,,,,,
3497,,,,,,
3498,,,,,,
3499,,,,,,
3500,,,,,,
3501,,,,,,
3502,,,,,,
3503,,,,,,
3504,,,,,,
3505,,,,,,
3506,,,,,,
3507,,,,,,
3508,,,,,,
3509,,,,,,
3510,,,,,,
3511,,,,,,
3512,,,,,,
3513,,,,,,
3514,,,,,,
3515,,,,,,
3516,,,,,,
3517,,,,,,
3518,,,,,,
3519,,,,,,
3520,,,,,,
3521,,,,,,
3522,,,,,,
3523,,,,,,
3524,,,,,,
3525,,,,,,
3526,,,,,,
3527,,,,,,
3528,,,,,,
3529,,,,,,
3530,,,,,,
3531,,,,,,
3532,,,,,,
3533,,,,,,
3534,,,,,,
3535,,,,,,
3536,,,,,,
3537,,,,,,
3538,,,,,,
3539,,,,,,
3540,,,,,,
3541,,,,,,
3542,,,,,,
3543,,,,,,
3544,,,,,,
3545,,,,,,
3546,,,,,,
3547,,,,,,
3548,,,,,,
3549,,,,,,
3550,,,,,,
3551,,,,,,
3552,,,,,,
3553,,,,,,
3554,,,,,,
3555,,,,,,
3556,,,,,,
3557,,,,,,
3558,,,,,,
3559,,,,,,
3560,,,,,,
3561,,,,,,
3562,,,,,,
3563,,,,,,
3564,,,,,,
3565,,,,,,
3566,,,,,,
3567,,,,,,
3568,,,,,,
3569,,,,,,
3570,,,,,,
3571,,,,,,
3572,,,,,,
3573,,,,,,
3574,,,,,,
3575,,,,,,
3576,,,,,,
3577,,,,,,
3578,,,,,,
3579,,,,,,
3580,,,,,,
3581,,,,,,
3582,,,,,,
3583,,,,,,
3584,,,,,,
3585,,,,,,
3586,,,,,,
3587,,,,,,
3588,,,,,,
3589,,,,,,
3590,,,,,,
3591,,,,,,
3592,,,,,,
3593,,,,,,
3594,,,,,,
3595,,,,,,
3596,,,,,,
3597,,,,,,
3598,,,,,,
3599,,,,,,
3600,,,,,,
3601,,,,,,
3602,,,,,,
3603,,,,,,
3604,,,,,,
3605,,,,,,
3606,,,,,,
3607,,,,,,
3608,,,,,,
3609,,,,,,
3610,,,,,,
3611,,,,,,
3612,,,,,,
3613,,,,,,
3614,,,,,,
3615,,,,,,
3616,,,,,,
3617,,,,,,
3618,,,,,,
3619,,,,,,
3620,,,,,,
3621,,,,,,
3622,,,,,,
3623,,,,,,
3624,,,,,,
3625,,,,,,
3626,,,,,,
3627,,,,,,
3628,,,,,,
3629,,,,,,
3630,,,,,,
3631,,,,,,
3632,,,,,,
3633,,,,,,
3634,,,,,,
3635,,,,,,
3636,,,,,,
3637,,,,,,
3638,,,,,,
3639,,,,,,
3640,,,,,,
3641,,,,,,
3642,,,,,,
3643,,,,,,
3644,,,,,,
3645,,,,,,
3646,,,,,,
3647,,,,,,
3648,,,,,,
3649,,,,,,
3650,,,,,,
3651,,,,,,
3652,,,,,,
3653,,,,,,
3654,,,,,,
3655,,,,,,
3656,,,,,,
3657,,,,,,
3658,,,,,,
3659,,,,,,
3660,,,,,,
3661,,,,,,
3662,,,,,,
3663,,,,,,
3664,,,,,,
3665,,,,,,
3666,,,,,,
3667,,,,,,
3668,,,,,,
3669,,,,,,
3670,,,,,,
3671,,,,,,
3672,,,,,,
3673,,,,,,
3674,,,,,,
3675,,,,,,
3676,,,,,,
3677,,,,,,
3678,,,,,,
3679,,,,,,
3680,,,,,,
3681,,,,,,
3682,,,,,,
3683,,,,,,
3684,,,,,,
3685,,,,,,
3686,,,,,,
3687,,,,,,
3688,,,,,,
3689,,,,,,
3690,,,,,,
3691,,,,,,
3692,,,,,,
3693,,,,,,
3694,,,,,,
3695,,,,,,
3696,,,,,,
3697,,,,,,
3698,,,,,,
3699,,,,,,
3700,,,,,,
3701,,,,,,
3702,,,,,,
3703,,,,,,
3704,,,,,,
3705,,,,,,
3706,,,,,,
3707,,,,,,
3708,,,,,,
3709,,,,,,
3710,,,,,,
3711,,,,,,
3712,,,,,,
3713,,,,,,
3714,,,,,,
3715,,,,,,
3716,,,,,,
3717,,,,,,
3718,,,,,,
3719,,,,,,
3720,,,,,,
3721,,,,,,
3722,,,,,,
3723,,,,,,
3724,,,,,,
3725,,,,,,
3726,,,,,,
3727,,,,,,
3728,,,,,,
3729,,,,,,
3730,,,,,,
3731,,,,,,
3732,,,,,,
3733,,,,,,
3734,,,,,,
3735,,,,,,
3736,,,,,,
3737,,,,,,
3738,,,,,,
3739,,,,,,
3740,,,,,,
3741,,,,,,
3742,,,,,,
3743,,,,,,
3744,,,,,,
3745,,,,,,
3746,,,,,,
3747,,,,,,
3748,,,,,,
3749,,,,,,
3750,,,,,,
3751,,,,,,
3752,,,,,,
3753,,,,,,
3754,,,,,,
3755,,,,,,
3756,,,,,,
3757,,,,,,
3758,,,,,,
3759,,,,,,
3760,,,,,,
3761,,,,,,
3762,,,,,,
3763,,,,,,
3764,,,,,,
3765,,,,,,
3766,,,,,,
3767,,,,,,
3768,,,,,,
3769,,,,,,
3770,,,,,,
3771,,,,,,
3772,,,,,,
3773,,,,,,
3774,,,,,,
3775,,,,,,
3776,,,,,,
3777,,,,,,
3778,,,,,,
3779,,,,,,
3780,,,,,,
3781,,,,,,
3782,,,,,,
3783,,,,,,
3784,,,,,,
3785,,,,,,
3786,,,,,,
3787,,,,,,
3788,,,,,,
3789,,,,,,
3790,,,,,,
3791,,,,,,
3792,,,,,,
3793,,,,,,
3794,,,,,,
3795,,,,,,
3796,,,,,,
3797,,,,,,
3798,,,,,,
3799,,,,,,
3800,,,,,,
3801,,,,,,
3802,,,,,,
3803,,,,,,
3804,,,,,,
3805,,,,,,
3806,,,,,,
3807,,,,,,
3808,,,,,,
3809,,,,,,
3810,,,,,,
3811,,,,,,
3812,,,,,,
3813,,,,,,
3814,,,,,,
3815,,,,,,
3816,,,,,,
3817,,,,,,
3818,,,,,,
3819,,,,,,
3820,,,,,,
3821,,,,,,
3822,,,,,,
3823,,,,,,
3824,,,,,,
3825,,,,,,
3826,,,,,,
3827,,,,,,
3828,,,,,,
3829,,,,,,
3830,,,,,,
3831,,,,,,
3832,,,,,,
3833,,,,,,
3834,,,,,,
3835,,,,,,
3836,,,,,,
3837,,,,,,
3838,,,,,,
3839,,,,,,
3840,,,,,,
3841,,,,,,
3842,,,,,,
3843,,,,,,
3844,,,,,,
3845,,,,,,
3846,,,,,,
3847,,,,,,
3848,,,,,,
3849,,,,,,
3850,,,,,,
3851,,,,,,
3852,,,,,,
3853,,,,,,
3854,,,,,,
3855,,,,,,
3856,,,,,,
3857,,,,,,
3858,,,,,,
3859,,,,,,
3860,,,,,,
3861,,,,,,
3862,,,,,,
3863,,,,,,
3864,,,,,,
3865,,,,,,
3866,,,,,,
3867,,,,,,
3868,,,,,,
3869,,,,,,
3870,,,,,,
3871,,,,,,
3872,,,,,,
3873,,,,,,
3874,,,,,,
3875,,,,,,
3876,,,,,,
3877,,,,,,
3878,,,,,,
3879,,,,,,
3880,,,,,,
3881,,,,,,
3882,,,,,,
3883,,,,,,
3884,,,,,,
3885,,,,,,
3886,,,,,,
3887,,,,,,
3888,,,,,,
3889,,,,,,
3890,,,,,,
3891,,,,,,
3892,,,,,,
3893,,,,,,
3894,,,,,,
3895,,,,,,
3896,,,,,,
3897,,,,,,
3898,,,,,,
3899,,,,,,
3900,,,,,,
3901,,,,,,
3902,,,,,,
3903,,,,,,
3904,,,,,,
3905,,,,,,
3906,,,,,,
3907,,,,,,
3908,,,,,,
3909,,,,,,
3910,,,,,,
3911,,,,,,
3912,,,,,,
3913,,,,,,
3914,,,,,,
3915,,,,,,
3916,,,,,,
3917,,,,,,
3918,,,,,,
3919,,,,,,
3920,,,,,,
3921,,,,,,
3922,,,,,,
3923,,,,,,
3924,,,,,,
3925,,,,,,
3926,,,,,,
3927,,,,,,
3928,,,,,,
3929,,,,,,
3930,,,,,,
3931,,,,,,
3932,,,,,,
3933,,,,,,
3934,,,,,,
3935,,,,,,
3936,,,,,,
3937,,,,,,
3938,,,,,,
3939,,,,,,
3940,,,,,,
3941,,,,,,
3942,,,,,,
3943,,,,,,
3944,,,,,,
3945,,,,,,
3946,,,,,,
3947,,,,,,
3948,,,,,,
3949,,,,,,
3950,,,,,,
3951,,,,,,
3952,,,,,,
3953,,,,,,
3954,,,,,,
3955,,,,,,
3956,,,,,,
3957,,,,,,
3958,,,,,,
3959,,,,,,
3960,,,,,,
3961,,,,,,
3962,,,,,,
3963,,,,,,
3964,,,,,,
3965,,,,,,
3966,,,,,,
3967,,,,,,
3968,,,,,,
3969,,,,,,
3970,,,,,,
3971,,,,,,
3972,,,,,,
3973,,,,,,
3974,,,,,,
3975,,,,,,
3976,,,,,,
3977,,,,,,
3978,,,,,,
3979,,,,,,
3980,,,,,,
3981,,,,,,
3982,,,,,,
3983,,,,,,
3984,,,,,,
3985,,,,,,
3986,,,,,,
3987,,,,,,
3988,,,,,,
3989,,,,,,
3990,,,,,,
3991,,,,,,
3992,,,,,,
3993,,,,,,
3994,,,,,,
3995,,,,,,
3996,,,,,,
3997,,,,,,
3998,,,,,,
3999,,,,,,
4000,,,,,,
4001,,,,,,
4002,,,,,,
4003,,,,,,
4004,,,,,,
4005,,,,,,
4006,,,,,,
4007,,,,,,
4008,,,,,,
4009,,,,,,
4010,,,,,,
4011,,,,,,
4012,,,,,,
4013,,,,,,
4014,,,,,,
4015,,,,,,
4016,,,,,,
4017,,,,,,
4018,,,,,,
4019,,,,,,
4020,,,,,,
4021,,,,,,
4022,,,,,,
4023,,,,,,
4024,,,,,,
4025,,,,,,
4026,,,,,,
4027,,,,,,
4028,,,,,,
4029,,,,,,
4030,,,,,,
4031,,,,,,
4032,,,,,,
4033,,,,,,
4034,,,,,,
4035,,,,,,
4036,,,,,,
4037,,,,,,
4038,,,,,,
4039,,,,,,
4040,,,,,,
4041,,,,,,
4042,,,,,,
4043,,,,,,
4044,,,,,,
4045,,,,,,
4046,,,,,,
4047,,,,,,
4048,,,,,,
4049,,,,,,
4050,,,,,,
4051,,,,,,
4052,,,,,,
4053,,,,,,
4054,,,,,,
4055,,,,,,
4056,,,,,,
4057,,,,,,
4058,,,,,,
4059,,,,,,
4060,,,,,,
4061,,,,,,
4062,,,,,,
4063,,,,,,
4064,,,,,,
4065,,,,,,
4066,,,,,,
4067,,,,,,
4068,,,,,,
4069,,,,,,
4070,,,,,,
4071,,,,,,
4072,,,,,,
4073,,,,,,
4074,,,,,,
4075,,,,,,
4076,,,,,,
4077,,,,,,
4078,,,,,,
4079,,,,,,
4080,,,,,,
4081,,,,,,
4082,,,,,,
4083,,,,,,
4084,,,,,,
4085,,,,,,
4086,,,,,,
4087,,,,,,
4088,,,,,,
4089,,,,,,
4090,,,,,,
4091,,,,,,
4092,,,,,,
4093,,,,,,
4094,,,,,,
4095,,,,,,
4096,,,,,,
4097,,,,,,
4098,,,,,,
4099,,,,,,
4100,,,,,,
4101,,,,,,
4102,,,,,,
4103,,,,,,
4104,,,,,,
4105,,,,,,
4106,,,,,,
4107,,,,,,
4108,,,,,,
4109,,,,,,
4110,,,,,,
4111,,,,,,
4112,,,,,,
4113,,,,,,
4114,,,,,,
4115,,,,,,
4116,,,,,,
4117,,,,,,
4118,,,,,,
4119,,,,,,
4120,,,,,,
4121,,,,,,
4122,,,,,,
4123,,,,,,
4124,,,,,,
4125,,,,,,
4126,,,,,,
4127,,,,,,
4128,,,,,,
4129,,,,,,
4130,,,,,,
4131,,,,,,
4132,,,,,,
4133,,,,,,
4134,,,,,,
4135,,,,,,
4136,,,,,,
4137,,,,,,
4138,,,,,,
4139,,,,,,
4140,,,,,,
4141,,,,,,
4142,,,,,,
4143,,,,,,
4144,,,,,,
4145,,,,,,
4146,,,,,,
4147,,,,,,
4148,,,,,,
4149,,,,,,
4150,,,,,,
4151,,,,,,
4152,,,,,,
4153,,,,,,
4154,,,,,,
4155,,,,,,
4156,,,,,,
4157,,,,,,
4158,,,,,,
4159,,,,,,
4160,,,,,,
4161,,,,,,
4162,,,,,,
4163,,,,,,
4164,,,,,,
4165,,,,,,
4166,,,,,,
4167,,,,,,
4168,,,,,,
4169,,,,,,
4170,,,,,,
4171,,,,,,
4172,,,,,,
4173,,,,,,
4174,,,,,,
4175,,,,,,
4176,,,,,,
4177,,,,,,
4178,,,,,,
4179,,,,,,
4180,,,,,,
4181,,,,,,
4182,,,,,,
4183,,,,,,
4184,,,,,,
4185,,,,,,
4186,,,,,,
4187,,,,,,
4188,,,,,,
4189,,,,,,
4190,,,,,,
4191,,,,,,
4192,,,,,,
4193,,,,,,
4194,,,,,,
4195,,,,,,
4196,,,,,,
4197,,,,,,
4198,,,,,,
4199,,,,,,
4200,,,,,,
4201,,,,,,
4202,,,,,,
4203,,,,,,
4204,,,,,,
4205,,,,,,
4206,,,,,,
4207,,,,,,
4208,,,,,,
4209,,,,,,
4210,,,,,,
4211,,,,,,
4212,,,,,,
4213,,,,,,
4214,,,,,,
4215,,,,,,
4216,,,,,,
4217,,,,,,
4218,,,,,,
4219,,,,,,
4220,,,,,,
4221,,,,,,
4222,,,,,,
4223,,,,,,
4224,,,,,,
4225,,,,,,
4226,,,,,,
4227,,,,,,
4228,,,,,,
4229,,,,,,
4230,,,,,,
4231,,,,,,
4232,,,,,,
4233,,,,,,
4234,,,,,,
4235,,,,,,
4236,,,,,,
4237,,,,,,
4238,,,,,,
4239,,,,,,
4240,,,,,,
4241,,,,,,
4242,,,,,,
4243,,,,,,
4244,,,,,,
4245,,,,,,
4246,,,,,,
4247,,,,,,
4248,,,,,,
4249,,,,,,
4250,,,,,,
4251,,,,,,
4252,,,,,,
4253,,,,,,
4254,,,,,,
4255,,,,,,
4256,,,,,,
4257,,,,,,
4258,,,,,,
4259,,,,,,
4260,,,,,,
4261,,,,,,
4262,,,,,,
4263,,,,,,
4264,,,,,,
4265,,,,,,
4266,,,,,,
4267,,,,,,
4268,,,,,,
4269,,,,,,
4270,,,,,,
4271,,,,,,
4272,,,,,,
4273,,,,,,
4274,,,,,,
4275,,,,,,
4276,,,,,,
4277,,,,,,
4278,,,,,,
4279,,,,,,
4280,,,,,,
4281,,,,,,
4282,,,,,,
4283,,,,,,
4284,,,,,,
4285,,,,,,
4286,,,,,,
4287,,,,,,
4288,,,,,,
4289,,,,,,
4290,,,,,,
4291,,,,,,
4292,,,,,,
4293,,,,,,
4294,,,,,,
4295,,,,,,
4296,,,,,,
4297,,,,,,
4298,,,,,,
4299,,,,,,
4300,,,,,,
4301,,,,,,
4302,,,,,,
4303,,,,,,
4304,,,,,,
4305,,,,,,
4306,,,,,,
4307,,,,,,
4308,,,,,,
4309,,,,,,
4310,,,,,,
4311,,,,,,
4312,,,,,,
4313,,,,,,
4314,,,,,,
4315,,,,,,
4316,,,,,,
4317,,,,,,
4318,,,,,,
4319,,,,,,
4320,,,,,,
4321,,,,,,
4322,,,,,,
4323,,,,,,
4324,,,,,,
4325,,,,,,
4326,,,,,,
4327,,,,,,
4328,,,,,,
4329,,,,,,
4330,,,,,,
4331,,,,,,
4332,,,,,,
4333,,,,,,
4334,,,,,,
4335,,,,,,
4336,,,,,,
4337,,,,,,
4338,,,,,,
4339,,,,,,
4340,,,,,,
4341,,,,,,
4342,,,,,,
4343,,,,,,
4344,,,,,,
4345,,,,,,
4346,,,,,,
4347,,,,,,
4348,,,,,,
4349,,,,,,
4350,,,,,,
4351,,,,,,
4352,,,,,,
4353,,,,,,
4354,,,,,,
4355,,,,,,
4356,,,,,,
4357,,,,,,
4358,,,,,,
4359,,,,,,
4360,,,,,,
4361,,,,,,
4362,,,,,,
4363,,,,,,
4364,,,,,,
4365,,,,,,
4366,,,,,,
4367,,,,,,
4368,,,,,,
4369,,,,,,
4370,,,,,,
4371,,,,,,
4372,,,,,,
4373,,,,,,
4374,,,,,,
4375,,,,,,
4376,,,,,,
4377,,,,,,
4378,,,,,,
4379,,,,,,
4380,,,,,,
4381,,,,,,
4382,,,,,,
4383,,,,,,
4384,,,,,,
4385,,,,,,
4386,,,,,,
4387,,,,,,
4388,,,,,,
4389,,,,,,
4390,,,,,,
4391,,,,,,
4392,,,,,,
4393,,,,,,
4394,,,,,,
4395,,,,,,
4396,,,,,,
4397,,,,,,
4398,,,,,,
4399,,,,,,
4400,,,,,,
4401,,,,,,
4402,,,,,,
4403,,,,,,
4404,,,,,,
4405,,,,,,
4406,,,,,,
4407,,,,,,
4408,,,,,,
4409,,,,,,
4410,,,,,,